,Unnamed: 0.2,Unnamed: 0.1,Unnamed: 0,Date,Tm,Opp,GS,FG,FGA,FG%,3P,3PA,3P%,FT,FTA,FT%,ORB,DRB,TRB,AST,STL,BLK,TOV,PF,PTS,GmSc,+/-,Game Played,Match Result,Points,Minutes Played,Seconds Played,Trp Dbl,Team
0,0,0,0,2008-10-28,CHI,MIL,1,3,9,0.333,0,0,,5,7,0.714,1,3,4,9,3,0,4,2,11,11.2,7,Yes,W ,13,32,12,No,Illinois
1,1,1,1,2008-10-31,CHI,BOS,1,6,14,0.429,0,0,,6,6,1.0,2,2,4,1,1,0,3,4,18,9.7,-15,Yes,L ,-16,28,17,No,Illinois
2,2,2,2,2008-11-01,CHI,MEM,1,11,20,0.55,0,1,0.0,4,4,1.0,2,4,6,3,0,0,2,0,26,19.1,8,Yes,W ,10,37,9,No,Illinois
3,3,3,3,2008-11-03,CHI,ORL,1,7,16,0.438,0,0,,0,0,,0,4,4,1,0,0,3,3,14,3.3,-8,Yes,L ,-3,38,58,No,Illinois
4,4,4,4,2008-11-05,CHI,CLE,1,7,16,0.438,1,3,0.333,5,6,0.833,0,0,0,7,1,0,3,1,20,13.7,-18,Yes,L ,-14,39,27,No,Illinois
5,5,5,5,2008-11-07,CHI,PHO,1,8,11,0.727,1,2,0.5,1,2,0.5,0,4,4,6,2,0,3,1,18,17.1,11,Yes,W ,17,40,29,No,Illinois
6,6,6,6,2008-11-08,CHI,CLE,1,7,21,0.333,0,2,0.0,3,4,0.75,3,2,5,9,1,0,3,2,17,10.9,-12,Yes,L ,-9,44,1,No,Illinois
7,7,7,7,2008-11-11,CHI,ATL,1,9,17,0.529,0,0,,8,9,0.889,5,5,10,6,0,0,3,0,26,23.5,-11,Yes,L ,-5,42,29,No,Illinois
8,8,8,8,2008-11-13,CHI,DAL,1,7,17,0.412,0,1,0.0,2,4,0.5,2,7,9,6,1,0,0,1,16,14.4,6,Yes,W ,7,41,52,No,Illinois
9,9,9,9,2008-11-15,CHI,IND,1,8,15,0.533,3,5,0.6,4,4,1.0,0,4,4,8,3,1,1,0,23,25.2,20,Yes,W ,13,40,24,No,Illinois
10,10,10,10,2008-11-18,CHI,LAL,1,11,18,0.611,1,2,0.5,2,2,1.0,0,3,3,9,0,0,2,1,25,21.6,-20,Yes,L ,-7,35,41,No,Illinois
11,11,11,11,2008-11-19,CHI,POR,1,1,8,0.125,0,1,0.0,4,4,1.0,0,0,0,1,1,0,3,1,6,-0.9,-32,Yes,L ,-42,29,47,No,Illinois
12,12,12,12,2008-11-21,CHI,GSW,1,12,19,0.632,0,1,0.0,1,1,1.0,0,3,3,5,2,0,5,4,25,16.3,1,Yes,W ,5,36,9,No,Illinois
13,13,13,13,2008-11-23,CHI,DEN,1,7,16,0.438,0,0,,1,2,0.5,1,1,2,6,0,2,4,3,15,7.6,-14,Yes,L ,-13,43,38,No,Illinois
14,14,14,14,2008-11-24,CHI,UTA,1,10,18,0.556,1,1,1.0,4,4,1.0,0,1,1,9,1,0,3,0,25,21.0,-11,Yes,W ,1,34,39,No,Illinois
15,15,15,15,2008-11-26,CHI,SAS,1,5,11,0.455,0,0,,0,0,,1,5,6,6,0,0,2,2,10,7.9,-2,Yes,L ,-10,39,56,No,Illinois
16,16,16,16,2008-11-30,CHI,PHI,1,8,15,0.533,0,0,,2,2,1.0,0,5,5,10,1,1,2,1,18,18.5,14,Yes,W ,11,40,31,No,Illinois
17,17,17,17,2008-12-02,CHI,PHI,1,11,19,0.579,0,0,,2,3,0.667,1,5,6,2,0,0,6,5,24,10.3,-11,Yes,L ,-8,40,37,No,Illinois
18,18,18,18,2008-12-03,CHI,MIL,1,7,16,0.438,0,1,0.0,4,4,1.0,1,0,1,9,4,0,5,2,18,14.8,4,Yes,L ,-7,42,50,No,Illinois
19,19,19,19,2008-12-06,CHI,WAS,1,6,12,0.5,1,3,0.333,2,4,0.5,0,0,0,8,2,0,0,0,15,15.8,8,Yes,W ,7,36,49,No,Illinois
20,20,20,21,2008-12-09,CHI,NYK,1,7,11,0.636,0,1,0.0,1,3,0.333,0,3,3,7,1,2,2,2,15,14.7,7,Yes,W ,5,40,37,No,Illinois
21,21,21,22,2008-12-12,CHI,MEM,1,6,14,0.429,0,3,0.0,0,1,0.0,0,4,4,11,0,0,3,3,12,8.9,1,Yes,L ,-7,44,40,No,Illinois
22,22,22,23,2008-12-13,CHI,NJN,1,8,18,0.444,2,3,0.667,4,4,1.0,2,4,6,6,1,0,1,2,22,18.6,-5,Yes,W ,9,38,41,No,Illinois
23,23,23,24,2008-12-16,CHI,CHA,1,3,16,0.188,0,1,0.0,0,0,,0,5,5,7,0,0,3,2,6,-1.4,-9,Yes,L ,-9,46,58,No,Illinois
24,24,24,25,2008-12-17,CHI,LAC,1,5,17,0.294,0,2,0.0,6,8,0.75,0,1,1,7,1,0,1,2,16,9.7,7,Yes,W ,6,42,30,No,Illinois
25,25,25,26,2008-12-19,CHI,BOS,1,5,10,0.5,2,3,0.667,2,2,1.0,0,0,0,5,0,0,3,1,14,9.1,-26,Yes,L ,-18,22,58,No,Illinois
26,26,26,27,2008-12-20,CHI,UTA,1,10,17,0.588,0,1,0.0,4,6,0.667,2,3,5,3,0,0,3,3,24,15.5,4,Yes,W ,8,31,31,No,Illinois
27,27,27,28,2008-12-23,CHI,DET,1,4,9,0.444,0,1,0.0,2,2,1.0,1,3,4,5,1,0,2,6,10,7.0,-2,Yes,L ,-6,20,43,No,Illinois
28,28,28,29,2008-12-26,CHI,MIA,1,3,14,0.214,0,0,,4,4,1.0,1,2,3,3,1,0,5,0,10,0.8,-14,Yes,L ,-13,38,21,No,Illinois
29,29,29,30,2008-12-27,CHI,ATL,1,12,19,0.632,1,1,1.0,2,6,0.333,1,3,4,7,0,0,2,1,27,21.0,-10,Yes,L ,-12,41,31,No,Illinois
30,30,30,31,2008-12-29,CHI,NJN,1,9,15,0.6,1,2,0.5,2,2,1.0,1,3,4,13,2,0,3,1,21,23.4,24,Yes,W ,13,42,33,No,Illinois
31,31,31,32,2008-12-31,CHI,ORL,1,5,13,0.385,0,1,0.0,1,1,1.0,0,1,1,0,0,1,3,0,11,1.9,-26,Yes,L ,-19,27,25,No,Illinois
32,32,32,33,2009-01-02,CHI,CLE,1,1,6,0.167,0,0,,1,2,0.5,0,2,2,2,0,0,1,2,3,-1.0,-10,Yes,L ,-25,22,20,No,Illinois
33,33,33,34,2009-01-03,CHI,MIN,1,9,19,0.474,0,1,0.0,4,4,1.0,0,4,4,5,0,1,3,2,22,13.9,-12,Yes,L ,-10,39,13,No,Illinois
34,34,34,35,2009-01-06,CHI,SAC,1,7,12,0.583,0,1,0.0,2,2,1.0,1,2,3,8,0,0,2,1,16,14.9,14,Yes,W ,5,35,23,No,Illinois
35,35,35,36,2009-01-09,CHI,WAS,1,3,12,0.25,0,0,,2,2,1.0,2,2,4,9,0,0,2,1,8,6.7,8,Yes,W ,12,35,19,No,Illinois
36,36,36,37,2009-01-10,CHI,OKC,1,8,18,0.444,0,1,0.0,0,1,0.0,1,2,3,6,2,0,2,1,16,11.3,-9,Yes,L ,-11,40,18,No,Illinois
37,37,37,38,2009-01-12,CHI,POR,1,5,14,0.357,0,2,0.0,3,5,0.6,2,1,3,10,1,0,2,0,13,12.1,-13,Yes,L ,-14,41,58,No,Illinois
38,38,38,39,2009-01-14,CHI,TOR,1,12,18,0.667,0,1,0.0,1,1,1.0,2,0,2,10,0,0,1,0,25,24.6,-3,Yes,W ,4,38,18,No,Illinois
39,39,39,40,2009-01-15,CHI,CLE,1,6,20,0.3,0,0,,4,6,0.667,0,3,3,6,0,1,1,1,16,8.0,-8,Yes,W ,9,44,12,No,Illinois
40,40,40,42,2009-01-17,CHI,SAS,1,6,21,0.286,0,1,0.0,0,0,,2,1,3,8,1,0,0,2,12,7.2,-4,Yes,L ,-5,36,31,No,Illinois
41,41,41,43,2009-01-19,CHI,NYK,1,9,20,0.45,0,0,,2,2,1.0,2,2,4,8,0,0,3,2,20,13.4,-4,Yes,L ,-4,36,41,No,Illinois
42,42,42,44,2009-01-20,CHI,ATL,1,6,13,0.462,1,3,0.333,0,0,,1,2,3,4,0,0,3,1,13,7.0,-13,Yes,L ,-3,31,32,No,Illinois
43,43,43,45,2009-01-23,CHI,TOR,1,5,12,0.417,0,1,0.0,2,2,1.0,2,1,3,4,1,0,4,2,12,6.3,-25,Yes,L ,-20,31,19,No,Illinois
44,44,44,46,2009-01-25,CHI,MIN,1,8,19,0.421,0,1,0.0,2,3,0.667,1,2,3,7,2,1,5,2,18,10.6,10,Yes,L ,-1,43,24,No,Illinois
45,45,45,47,2009-01-28,CHI,LAC,1,9,13,0.692,0,0,,3,4,0.75,1,3,4,6,1,1,5,0,21,17.6,28,Yes,W ,20,33,1,No,Illinois
46,46,46,48,2009-01-30,CHI,SAC,1,2,6,0.333,0,0,,0,0,,1,2,3,11,2,0,4,1,4,7.2,16,Yes,W ,21,29,44,No,Illinois
47,47,47,49,2009-01-31,CHI,PHO,1,12,19,0.632,0,0,,2,2,1.0,4,2,6,4,0,0,0,1,26,23.3,5,Yes,W ,11,31,1,No,Illinois
48,48,48,50,2009-02-03,CHI,HOU,1,6,13,0.462,0,1,0.0,0,0,,4,3,7,7,2,0,0,0,12,15.9,-7,Yes,L ,-7,29,35,No,Illinois
49,49,49,51,2009-02-04,CHI,NOH,1,10,14,0.714,0,1,0.0,1,2,0.5,2,2,4,6,1,0,2,2,21,19.2,18,Yes,W ,14,35,13,No,Illinois
50,50,50,52,2009-02-07,CHI,DAL,1,11,25,0.44,0,1,0.0,0,0,,2,2,4,9,0,1,3,3,22,13.7,6,Yes,L ,-1,42,47,No,Illinois
51,51,51,53,2009-02-10,CHI,DET,1,10,15,0.667,0,0,,3,4,0.75,1,1,2,4,0,0,0,2,23,19.1,-2,Yes,W ,5,29,29,No,Illinois
52,52,52,54,2009-02-12,CHI,MIA,1,7,14,0.5,0,1,0.0,4,4,1.0,1,3,4,6,1,0,2,1,18,15.4,-7,Yes,L ,-2,38,54,No,Illinois
53,53,53,55,2009-02-18,CHI,MIL,1,5,9,0.556,0,0,,8,8,1.0,1,4,5,9,2,0,7,2,18,16.1,3,Yes,W ,9,36,30,No,Illinois
54,54,54,56,2009-02-20,CHI,DEN,1,5,11,0.455,0,0,,0,0,,3,3,6,6,1,0,4,2,10,7.7,-4,Yes,W ,17,26,58,No,Illinois
55,55,55,57,2009-02-22,CHI,IND,1,1,9,0.111,0,0,,1,2,0.5,2,1,3,8,1,1,1,0,3,4.7,-1,Yes,L ,-7,28,11,No,Illinois
56,56,56,58,2009-02-24,CHI,ORL,1,11,20,0.55,0,0,,0,0,,1,2,3,5,0,0,1,3,22,15.0,11,Yes,W ,18,35,2,No,Illinois
57,57,57,59,2009-02-25,CHI,NJN,1,4,9,0.444,0,0,,1,2,0.5,2,0,2,5,0,0,0,3,9,7.6,-17,Yes,L ,-12,30,17,No,Illinois
58,58,58,60,2009-02-27,CHI,WAS,1,4,10,0.4,0,0,,2,5,0.4,0,0,0,3,0,0,5,1,10,0.1,-22,Yes,L ,-23,34,13,No,Illinois
59,59,59,61,2009-02-28,CHI,HOU,1,10,21,0.476,0,2,0.0,2,4,0.5,3,5,8,7,1,0,2,0,22,18.0,0,Yes,W ,3,40,0,No,Illinois
60,60,60,63,2009-03-03,CHI,CHA,1,3,11,0.273,0,1,0.0,7,8,0.875,0,4,4,5,0,0,0,1,13,10.4,-17,Yes,L ,-16,39,13,No,Illinois
61,61,61,64,2009-03-04,CHI,GSW,1,6,14,0.429,0,0,,2,2,1.0,0,3,3,6,0,0,3,0,14,8.7,14,Yes,W ,22,39,54,No,Illinois
62,62,62,65,2009-03-06,CHI,MIL,1,10,18,0.556,0,0,,7,7,1.0,0,1,1,6,2,0,2,2,27,22.1,13,Yes,W ,15,41,5,No,Illinois
63,63,63,66,2009-03-09,CHI,MIA,1,9,25,0.36,1,2,0.5,4,4,1.0,3,6,9,3,2,0,4,4,23,11.5,-12,Yes,L ,-3,55,20,No,Illinois
64,64,64,67,2009-03-11,CHI,ORL,1,2,12,0.167,0,1,0.0,3,4,0.75,2,0,2,3,1,0,2,0,7,1.5,-21,Yes,L ,-28,29,46,No,Illinois
65,65,65,68,2009-03-13,CHI,PHI,1,10,19,0.526,0,2,0.0,0,0,,1,5,6,6,1,0,4,0,20,14.1,2,Yes,L ,-3,42,2,No,Illinois
66,66,66,69,2009-03-14,CHI,NOH,1,2,9,0.222,0,2,0.0,0,0,,1,3,4,7,1,0,3,1,4,2.6,11,Yes,W ,18,34,20,No,Illinois
67,67,67,70,2009-03-17,CHI,BOS,1,4,11,0.364,0,0,,3,3,1.0,0,3,3,8,0,0,1,3,11,9.2,-3,Yes,W ,6,34,51,No,Illinois
68,68,68,71,2009-03-18,CHI,OKC,1,12,14,0.857,0,0,,1,2,0.5,2,4,6,3,1,0,6,3,25,18.1,11,Yes,W ,7,41,25,No,Illinois
69,69,69,72,2009-03-21,CHI,LAL,1,10,19,0.526,0,0,,5,5,1.0,4,1,5,4,0,0,4,1,25,17.2,-10,Yes,L ,-8,39,2,No,Illinois
70,70,70,73,2009-03-23,CHI,WAS,1,6,15,0.4,0,0,,0,0,,1,4,5,8,0,0,1,2,12,9.6,3,Yes,W ,2,38,58,No,Illinois
71,72,72,75,2009-03-26,CHI,MIA,0,4,7,0.571,0,0,,1,2,0.5,0,5,5,7,0,0,0,0,9,11.7,15,Yes,W ,19,30,3,No,Illinois
72,73,73,76,2009-03-28,CHI,IND,1,7,18,0.389,0,0,,2,3,0.667,1,8,9,8,0,0,2,2,16,11.7,-11,Yes,W ,6,33,16,No,Illinois
73,74,74,77,2009-03-29,CHI,TOR,1,9,13,0.692,0,0,,5,6,0.833,0,3,3,9,1,0,4,3,23,20.1,6,Yes,L ,-5,42,24,No,Illinois
74,75,75,78,2009-03-31,CHI,IND,1,12,21,0.571,0,0,,0,1,0.0,2,9,11,6,0,0,0,1,24,21.6,0,Yes,L ,-2,39,46,No,Illinois
75,76,76,79,2009-04-04,CHI,NJN,1,7,12,0.583,0,0,,1,1,1.0,2,2,4,5,2,0,2,4,15,13.3,14,Yes,W ,9,34,59,No,Illinois
76,77,77,80,2009-04-07,CHI,NYK,1,7,17,0.412,0,0,,4,5,0.8,1,2,3,6,1,0,3,0,18,12.0,2,Yes,W ,7,38,16,No,Illinois
77,78,78,81,2009-04-09,CHI,PHI,1,8,13,0.615,0,3,0.0,0,0,,0,2,2,8,2,1,3,1,16,15.6,25,Yes,W ,14,38,59,No,Illinois
78,79,79,82,2009-04-11,CHI,CHA,1,10,16,0.625,0,0,,2,2,1.0,1,2,3,7,2,1,1,2,22,21.9,7,Yes,W ,7,41,17,No,Illinois
79,80,80,84,2009-04-13,CHI,DET,1,9,17,0.529,0,1,0.0,6,9,0.667,1,4,5,8,0,1,2,0,24,20.7,3,Yes,W ,3,40,46,No,Illinois
80,81,81,85,2009-04-15,CHI,TOR,1,7,14,0.5,0,0,,6,8,0.75,3,3,6,11,1,2,2,1,20,22.9,-7,Yes,L ,-11,42,37,No,Illinois
81,82,0,0,2009-10-29,CHI,SAS,1,5,12,0.417,0,1,0.0,3,5,0.6,1,6,7,7,1,1,1,2,13,13.1,4,Yes,W ,7,33,8,No,Illinois
82,83,1,1,2009-10-30,CHI,BOS,1,4,8,0.5,0,0,,2,3,0.667,0,0,0,2,0,0,2,1,10,4.6,-19,Yes,L ,-28,23,57,No,Illinois
83,84,2,2,2009-11-01,CHI,MIA,1,4,15,0.267,0,0,,0,2,0.0,1,4,5,5,1,0,2,2,8,1.9,-11,Yes,L ,-8,35,8,No,Illinois
84,85,3,3,2009-11-03,CHI,MIL,1,6,12,0.5,0,0,,4,4,1.0,1,1,2,5,0,1,5,0,16,10.2,-6,Yes,W ,2,28,50,No,Illinois
85,86,4,4,2009-11-05,CHI,CLE,1,6,15,0.4,0,2,0.0,2,2,1.0,1,1,2,11,1,0,2,1,14,13.2,1,Yes,W ,1,32,33,No,Illinois
86,87,5,5,2009-11-07,CHI,CHA,1,6,11,0.545,0,0,,1,2,0.5,0,1,1,4,3,0,7,3,13,5.2,-7,Yes,W ,3,29,59,No,Illinois
87,88,6,6,2009-11-10,CHI,DEN,1,10,17,0.588,0,0,,2,2,1.0,1,0,1,5,1,2,0,2,22,19.9,12,Yes,L ,-1,39,2,No,Illinois
88,89,7,7,2009-11-11,CHI,TOR,1,6,14,0.429,0,0,,2,2,1.0,1,4,5,6,1,0,1,1,14,12.3,-14,Yes,L ,-10,33,59,No,Illinois
89,90,8,8,2009-11-14,CHI,PHI,1,7,12,0.583,0,0,,0,0,,1,2,3,3,0,0,7,0,14,4.8,-6,Yes,W ,6,36,43,No,Illinois
90,91,9,9,2009-11-17,CHI,SAC,1,2,12,0.167,0,1,0.0,6,6,1.0,0,3,3,7,2,1,2,0,10,8.9,1,Yes,W ,14,33,38,No,Illinois
91,92,10,10,2009-11-19,CHI,LAL,1,9,20,0.45,0,0,,2,2,1.0,0,1,1,6,1,0,2,0,20,13.1,-15,Yes,L ,-15,38,2,No,Illinois
92,93,11,11,2009-11-21,CHI,DEN,1,11,20,0.55,0,1,0.0,6,7,0.857,1,5,6,3,1,0,5,1,28,17.9,-16,Yes,L ,-19,36,54,No,Illinois
93,94,12,12,2009-11-23,CHI,POR,1,7,14,0.5,0,0,,0,0,,2,1,3,5,1,0,2,4,14,9.6,-15,Yes,L ,-24,39,3,No,Illinois
94,95,13,13,2009-11-26,CHI,UTA,1,9,17,0.529,1,1,1.0,0,0,,1,3,4,2,0,0,4,2,19,8.9,-23,Yes,L ,-19,38,27,No,Illinois
95,96,14,14,2009-11-30,CHI,MIL,1,8,17,0.471,0,0,,3,3,1.0,2,0,2,7,1,0,2,3,19,14.4,4,Yes,L ,-2,44,9,No,Illinois
96,97,15,15,2009-12-02,CHI,DET,1,6,9,0.667,0,0,,7,9,0.778,1,3,4,6,2,0,5,1,19,16.7,14,Yes,W ,7,38,25,No,Illinois
97,98,16,16,2009-12-04,CHI,CLE,1,5,16,0.313,0,0,,3,3,1.0,0,1,1,7,1,0,1,0,13,9.0,-15,Yes,L ,-14,29,17,No,Illinois
98,99,17,17,2009-12-05,CHI,TOR,1,3,9,0.333,0,0,,3,6,0.5,0,0,0,5,0,0,2,1,9,3.8,-22,Yes,L ,-32,27,32,No,Illinois
99,100,18,18,2009-12-08,CHI,NJN,1,13,23,0.565,0,1,0.0,1,4,0.25,2,5,7,10,1,1,3,2,27,22.7,11,Yes,L ,-2,42,15,No,Illinois
100,101,19,19,2009-12-09,CHI,ATL,1,7,18,0.389,0,0,,5,5,1.0,1,1,2,7,0,0,5,0,19,10.1,-22,Yes,L ,-35,32,1,No,Illinois
101,102,20,21,2009-12-11,CHI,GSW,1,7,22,0.318,0,1,0.0,1,2,0.5,1,1,2,5,0,0,3,1,15,3.1,1,Yes,W ,5,43,29,No,Illinois
102,103,21,22,2009-12-12,CHI,BOS,1,8,19,0.421,0,0,,3,5,0.6,2,3,5,3,1,1,1,1,19,12.8,-12,Yes,L ,-26,35,21,No,Illinois
103,104,22,23,2009-12-15,CHI,LAL,1,9,22,0.409,0,0,,3,4,0.75,0,4,4,6,0,0,2,2,21,11.4,8,Yes,L ,-9,33,19,No,Illinois
104,105,23,24,2009-12-17,CHI,NYK,1,8,18,0.444,0,0,,2,2,1.0,1,3,4,6,1,0,3,1,18,12.0,-10,Yes,W ,9,35,30,No,Illinois
105,106,24,25,2009-12-19,CHI,ATL,1,14,24,0.583,0,1,0.0,4,6,0.667,1,3,4,6,0,0,0,0,32,25.8,4,Yes,W ,3,42,44,No,Illinois
106,107,25,26,2009-12-21,CHI,SAC,1,9,19,0.474,0,0,,6,7,0.857,1,2,3,7,0,1,3,0,24,17.8,-2,Yes,L ,-4,41,16,No,Illinois
107,108,26,27,2009-12-22,CHI,NYK,1,11,21,0.524,1,1,1.0,3,3,1.0,1,5,6,4,0,0,2,0,26,18.7,-5,Yes,L ,-7,34,38,No,Illinois
108,109,27,28,2009-12-26,CHI,NOH,1,7,20,0.35,0,0,,0,0,,4,2,6,9,2,0,3,1,14,11.1,21,Yes,W ,11,39,44,No,Illinois
109,110,28,29,2009-12-29,CHI,IND,1,11,20,0.55,0,1,0.0,6,8,0.75,2,3,5,6,0,1,6,1,28,18.4,1,Yes,W ,9,41,13,No,Illinois
110,111,29,30,2009-12-31,CHI,DET,1,7,18,0.389,0,1,0.0,8,8,1.0,0,4,4,4,1,2,2,1,22,16.2,12,Yes,W ,11,40,5,No,Illinois
111,112,30,31,2010-01-02,CHI,ORL,1,11,23,0.478,0,0,,8,10,0.8,1,5,6,7,0,0,2,1,30,22.2,9,Yes,W ,8,38,8,No,Illinois
112,113,31,32,2010-01-04,CHI,OKC,1,9,20,0.45,0,0,,1,1,1.0,1,2,3,7,2,0,2,1,19,14.4,-10,Yes,L ,-13,36,42,No,Illinois
113,114,32,33,2010-01-05,CHI,CHA,1,11,19,0.579,0,1,0.0,2,3,0.667,1,2,3,9,0,1,7,3,24,14.8,-4,Yes,L ,-5,37,52,No,Illinois
114,115,33,34,2010-01-08,CHI,MIL,1,10,25,0.4,0,0,,5,7,0.714,1,4,5,9,0,0,2,2,25,16.1,-9,Yes,L ,-3,37,34,No,Illinois
115,116,34,35,2010-01-09,CHI,MIN,1,3,7,0.429,0,0,,2,4,0.5,0,4,4,7,2,0,1,2,8,9.8,7,Yes,W ,14,31,20,No,Illinois
116,117,35,36,2010-01-11,CHI,DET,1,11,13,0.846,0,0,,0,0,,0,2,2,9,1,0,2,2,22,22.4,29,Yes,W ,33,25,19,No,Illinois
117,118,36,37,2010-01-14,CHI,BOS,1,8,16,0.5,0,0,,1,2,0.5,1,7,8,4,0,0,3,3,17,10.0,12,Yes,W ,13,29,57,No,Illinois
118,119,37,38,2010-01-15,CHI,WAS,1,16,33,0.485,0,0,,5,7,0.714,1,8,9,6,0,0,3,1,37,23.4,5,Yes,W ,2,50,15,No,Illinois
119,120,38,39,2010-01-18,CHI,GSW,1,7,19,0.368,0,0,,5,8,0.625,0,2,2,4,1,0,4,2,19,6.9,-20,Yes,L ,-17,34,49,No,Illinois
120,121,39,40,2010-01-20,CHI,LAC,1,10,24,0.417,0,0,,3,4,0.75,3,5,8,7,1,2,4,0,23,16.7,-1,Yes,L ,-7,43,17,No,Illinois
121,122,40,42,2010-01-22,CHI,PHO,1,15,21,0.714,1,1,1.0,1,3,0.333,0,3,3,5,3,0,1,0,32,28.9,7,Yes,W ,11,43,44,No,Illinois
122,123,41,43,2010-01-23,CHI,HOU,1,7,14,0.5,0,1,0.0,6,8,0.75,0,3,3,4,0,1,4,4,20,11.0,11,Yes,W ,7,35,19,No,Illinois
123,124,42,44,2010-01-25,CHI,SAS,1,13,23,0.565,1,1,1.0,0,0,,0,3,3,6,0,0,0,0,27,21.2,6,Yes,W ,5,34,32,No,Illinois
124,125,43,45,2010-01-27,CHI,OKC,1,13,23,0.565,0,1,0.0,0,0,,1,2,3,7,0,0,2,2,26,18.5,8,Yes,W ,10,36,57,No,Illinois
125,126,44,46,2010-01-29,CHI,NOH,1,7,19,0.368,0,0,,4,5,0.8,0,4,4,5,3,0,4,1,18,10.4,7,Yes,W ,2,44,36,No,Illinois
126,127,45,47,2010-02-02,CHI,LAC,1,7,20,0.35,0,1,0.0,2,2,1.0,1,3,4,4,0,0,4,0,16,5.2,-16,Yes,L ,-8,36,11,No,Illinois
127,128,46,48,2010-02-03,CHI,PHI,1,10,22,0.455,1,1,1.0,9,10,0.9,2,2,4,9,0,0,4,1,30,22.1,2,Yes,L ,-3,42,52,No,Illinois
128,129,47,49,2010-02-05,CHI,ATL,1,9,21,0.429,0,2,0.0,1,2,0.5,1,2,3,6,0,0,2,0,19,11.0,-9,Yes,L ,-10,40,42,No,Illinois
129,130,48,50,2010-02-06,CHI,MIA,1,9,19,0.474,0,0,,6,8,0.75,0,5,5,2,0,0,3,0,24,13.4,-2,Yes,W ,4,43,0,No,Illinois
130,131,49,51,2010-02-09,CHI,IND,1,9,18,0.5,0,1,0.0,3,3,1.0,1,2,3,7,2,0,5,2,21,14.4,6,Yes,W ,8,38,13,No,Illinois
131,132,50,52,2010-02-10,CHI,ORL,1,1,1,1.0,0,0,,1,1,1.0,0,0,0,0,0,0,0,0,3,2.7,-3,Yes,L ,-20,2,24,No,Illinois
132,133,51,53,2010-02-16,CHI,NYK,1,14,18,0.778,0,0,,1,1,1.0,0,3,3,6,1,0,2,0,29,26.1,23,Yes,W ,33,27,2,No,Illinois
133,134,52,54,2010-02-17,CHI,NYK,1,10,19,0.526,0,0,,7,9,0.778,0,4,4,6,1,0,1,1,27,21.9,-2,Yes,W ,6,39,34,No,Illinois
134,135,53,55,2010-02-19,CHI,MIN,1,8,17,0.471,0,1,0.0,3,4,0.75,1,7,8,5,1,0,3,2,19,13.4,8,Yes,W ,6,38,38,No,Illinois
135,136,54,56,2010-02-20,CHI,PHI,1,7,16,0.438,1,1,1.0,2,4,0.5,2,2,4,6,1,0,1,0,17,14.0,24,Yes,W ,32,33,49,No,Illinois
136,137,55,57,2010-02-22,CHI,WAS,1,8,16,0.5,0,1,0.0,6,7,0.857,2,3,5,6,1,0,4,3,22,15.9,-6,Yes,L ,-6,39,5,No,Illinois
137,138,56,58,2010-02-24,CHI,IND,1,10,19,0.526,0,0,,3,4,0.75,0,9,9,8,1,1,4,2,23,18.5,17,Yes,W ,10,39,8,No,Illinois
138,139,57,59,2010-02-26,CHI,POR,1,15,25,0.6,0,0,,3,4,0.75,1,1,2,4,1,0,5,1,33,20.5,-2,Yes,W ,4,46,37,No,Illinois
139,140,58,60,2010-02-27,CHI,IND,1,9,14,0.643,0,0,,9,12,0.75,0,2,2,4,1,0,2,1,27,21.6,-4,Yes,L ,-10,37,35,No,Illinois
140,141,59,61,2010-03-01,CHI,ATL,1,11,24,0.458,0,0,,2,2,1.0,0,0,0,3,0,0,2,0,24,11.7,-10,Yes,L ,-24,31,27,No,Illinois
141,142,60,63,2010-03-04,CHI,MEM,1,9,21,0.429,0,0,,2,2,1.0,1,2,3,3,2,1,3,1,20,11.6,-8,Yes,L ,-9,38,28,No,Illinois
142,143,61,64,2010-03-06,CHI,DAL,1,15,22,0.682,0,2,0.0,4,4,1.0,0,0,0,8,0,0,2,2,34,27.4,2,Yes,L ,-6,42,10,No,Illinois
143,144,62,65,2010-03-09,CHI,UTA,1,10,19,0.526,0,0,,5,6,0.833,2,2,4,13,0,0,5,0,25,21.4,-22,Yes,L ,-24,38,56,No,Illinois
144,145,63,66,2010-03-11,CHI,ORL,1,1,4,0.25,0,0,,1,2,0.5,0,0,0,2,0,0,0,1,3,1.2,-11,Yes,L ,-29,12,0,No,Illinois
145,150,68,71,2010-03-20,CHI,PHI,1,9,16,0.563,4,6,0.667,1,1,1.0,0,4,4,5,1,1,1,3,23,19.6,18,Yes,W ,14,37,23,No,Illinois
146,151,69,72,2010-03-22,CHI,HOU,1,12,22,0.545,2,7,0.286,1,4,0.25,2,5,7,8,0,1,4,3,27,19.2,9,Yes,W ,10,46,35,No,Illinois
147,152,70,73,2010-03-25,CHI,MIA,1,5,16,0.313,0,2,0.0,2,4,0.5,1,4,5,5,0,0,1,0,12,6.4,-33,Yes,L ,-29,32,42,No,Illinois
148,153,71,74,2010-03-27,CHI,NJN,1,3,12,0.25,0,0,,1,2,0.5,0,5,5,9,1,1,0,0,7,8.9,19,Yes,W ,23,35,29,No,Illinois
149,154,72,75,2010-03-28,CHI,DET,1,7,13,0.538,0,1,0.0,7,8,0.875,0,3,3,9,1,1,1,1,21,21.8,0,Yes,W ,7,35,56,No,Illinois
150,155,73,76,2010-03-30,CHI,PHO,1,7,16,0.438,1,4,0.25,8,9,0.889,1,4,5,10,1,0,1,0,23,23.1,-3,Yes,L ,-6,42,30,No,Illinois
151,156,74,77,2010-04-02,CHI,WAS,1,10,19,0.526,0,1,0.0,4,4,1.0,2,2,4,5,0,0,3,0,24,17.2,0,Yes,W ,8,40,49,No,Illinois
152,157,75,78,2010-04-03,CHI,CHA,1,10,19,0.526,0,1,0.0,6,6,1.0,0,4,4,5,0,1,3,0,26,19.1,6,Yes,W ,8,40,42,No,Illinois
153,158,76,79,2010-04-06,CHI,MIL,1,5,12,0.417,0,0,,2,2,1.0,0,5,5,11,1,0,6,3,12,8.6,0,Yes,L ,-5,38,7,No,Illinois
154,159,77,80,2010-04-08,CHI,CLE,1,10,17,0.588,1,3,0.333,3,7,0.429,0,3,3,10,1,0,4,3,24,18.2,6,Yes,W ,1,38,16,No,Illinois
155,160,78,81,2010-04-09,CHI,NJN,1,9,19,0.474,0,1,0.0,7,12,0.583,0,6,6,6,0,0,7,6,25,9.9,-4,Yes,L ,-11,47,44,No,Illinois
156,161,79,82,2010-04-11,CHI,TOR,1,12,23,0.522,0,3,0.0,2,2,1.0,1,3,4,7,1,1,1,0,26,21.9,7,Yes,W ,16,37,39,No,Illinois
157,162,80,84,2010-04-13,CHI,BOS,1,15,22,0.682,0,0,,9,10,0.9,2,3,5,7,0,3,2,2,39,35.7,12,Yes,W ,8,45,35,No,Illinois
158,163,81,85,2010-04-14,CHI,CHA,1,10,19,0.526,2,4,0.5,5,6,0.833,2,0,2,5,2,1,5,0,27,19.9,8,Yes,W ,9,42,59,No,Illinois
159,164,0,0,2010-10-27,CHI,OKC,1,12,31,0.387,0,4,0.0,4,4,1.0,1,3,4,6,0,1,2,4,28,14.0,-1,Yes,L ,-11,31,19,No,Illinois
160,165,1,1,2010-10-30,CHI,DET,1,13,27,0.481,3,7,0.429,10,13,0.769,1,5,6,7,2,2,7,3,39,26.4,15,Yes,W ,10,38,2,No,Illinois
161,166,2,2,2010-11-01,CHI,POR,1,6,11,0.545,0,3,0.0,4,6,0.667,0,5,5,13,1,0,6,2,16,14.7,9,Yes,W ,12,36,35,No,Illinois
162,167,3,3,2010-11-04,CHI,NYK,1,9,17,0.529,2,4,0.5,4,6,0.667,0,1,1,14,1,0,3,2,24,22.2,-10,Yes,L ,-8,34,59,No,Illinois
163,168,4,4,2010-11-05,CHI,BOS,1,8,19,0.421,0,2,0.0,2,2,1.0,2,3,5,9,0,0,6,2,18,9.7,-8,Yes,L ,-5,45,36,No,Illinois
164,169,5,5,2010-11-08,CHI,DEN,1,7,21,0.333,1,2,0.5,3,5,0.6,0,2,2,6,1,1,3,2,18,8.0,6,Yes,W ,2,39,30,No,Illinois
165,170,6,6,2010-11-11,CHI,GSW,1,10,17,0.588,0,3,0.0,2,2,1.0,1,2,3,13,1,1,3,0,22,23.2,31,Yes,W ,30,36,42,No,Illinois
166,171,7,7,2010-11-13,CHI,WAS,1,8,20,0.4,1,4,0.25,7,7,1.0,1,3,4,8,2,1,3,1,24,19.7,12,Yes,W ,7,36,9,No,Illinois
167,172,8,8,2010-11-16,CHI,HOU,1,13,20,0.65,4,5,0.8,3,6,0.5,1,2,3,7,3,0,3,4,33,27.6,6,Yes,W ,3,37,41,No,Illinois
168,173,9,9,2010-11-17,CHI,SAS,1,15,27,0.556,2,4,0.5,1,1,1.0,0,3,3,4,0,0,4,2,33,19.0,-19,Yes,L ,-9,37,50,No,Illinois
169,174,10,10,2010-11-19,CHI,DAL,1,8,17,0.471,1,3,0.333,5,9,0.556,2,2,4,6,1,0,4,0,22,14.9,6,Yes,W ,5,40,51,No,Illinois
170,175,11,11,2010-11-23,CHI,LAL,1,11,25,0.44,2,5,0.4,6,9,0.667,1,4,5,8,1,1,3,1,30,21.5,1,Yes,L ,-7,39,59,No,Illinois
171,176,12,12,2010-11-24,CHI,PHO,1,14,33,0.424,1,5,0.2,6,6,1.0,1,11,12,7,0,1,4,6,35,20.7,7,Yes,W ,8,50,19,No,Illinois
172,178,14,14,2010-11-27,CHI,SAC,1,10,23,0.435,1,4,0.25,9,9,1.0,2,5,7,7,1,0,1,3,30,24.5,10,Yes,W ,11,42,2,No,Illinois
173,179,15,15,2010-12-01,CHI,ORL,1,5,13,0.385,2,4,0.5,3,6,0.5,0,0,0,4,0,1,3,3,15,6.0,-24,Yes,L ,-29,31,56,No,Illinois
174,180,16,16,2010-12-03,CHI,BOS,1,7,17,0.412,1,5,0.2,5,5,1.0,0,3,3,8,0,0,4,2,20,12.6,-29,Yes,L ,-12,36,19,No,Illinois
175,181,17,17,2010-12-04,CHI,HOU,1,13,28,0.464,4,6,0.667,0,0,,2,5,7,11,5,1,4,4,30,26.3,-4,Yes,W ,3,44,2,No,Illinois
176,182,18,18,2010-12-06,CHI,OKC,1,3,13,0.231,1,2,0.5,4,4,1.0,1,3,4,9,2,1,5,2,11,7.9,13,Yes,W ,9,38,13,No,Illinois
177,183,19,19,2010-12-08,CHI,CLE,1,11,22,0.5,3,6,0.5,4,6,0.667,1,3,4,8,0,0,3,0,29,21.4,3,Yes,W ,5,37,43,No,Illinois
178,184,20,21,2010-12-10,CHI,LAL,1,12,25,0.48,3,5,0.6,2,4,0.5,2,3,5,9,0,0,4,2,29,19.3,8,Yes,W ,4,39,26,No,Illinois
179,185,21,22,2010-12-11,CHI,MIN,1,8,10,0.8,5,6,0.833,0,0,,1,2,3,7,0,1,3,1,21,20.7,19,Yes,W ,31,29,31,No,Illinois
180,186,22,23,2010-12-13,CHI,IND,1,6,18,0.333,3,6,0.5,2,3,0.667,1,5,6,12,1,0,3,3,17,13.8,25,Yes,W ,19,38,45,No,Illinois
181,187,23,24,2010-12-15,CHI,TOR,1,3,9,0.333,0,2,0.0,0,0,,2,1,3,11,2,0,5,0,6,7.3,22,Yes,W ,17,29,37,No,Illinois
182,188,24,25,2010-12-18,CHI,LAC,1,12,24,0.5,3,6,0.5,7,9,0.778,2,4,6,8,0,2,4,1,34,26.4,8,Yes,L ,-1,41,9,No,Illinois
183,189,25,26,2010-12-21,CHI,PHI,1,7,13,0.538,2,4,0.5,6,6,1.0,0,5,5,12,1,0,0,1,22,26.2,41,Yes,W ,45,29,10,No,Illinois
184,190,26,27,2010-12-22,CHI,WAS,1,9,21,0.429,0,6,0.0,7,10,0.7,1,4,5,5,1,3,4,4,25,15.6,1,Yes,W ,7,38,10,No,Illinois
185,191,27,28,2010-12-25,CHI,NYK,1,12,28,0.429,0,2,0.0,1,3,0.333,2,5,7,8,6,0,7,2,25,16.1,-3,Yes,L ,-8,41,21,No,Illinois
186,192,28,29,2010-12-26,CHI,DET,1,9,23,0.391,0,3,0.0,5,6,0.833,1,11,12,8,2,0,6,2,23,14.9,9,Yes,W ,3,41,14,No,Illinois
187,193,29,30,2010-12-28,CHI,MIL,1,7,17,0.412,3,4,0.75,1,1,1.0,1,5,6,12,1,0,2,1,18,18.1,13,Yes,W ,13,39,50,No,Illinois
188,194,30,31,2010-12-31,CHI,NJN,1,5,16,0.313,2,6,0.333,7,7,1.0,1,3,4,9,0,0,1,0,19,16.7,4,Yes,W ,9,39,28,No,Illinois
189,195,31,32,2011-01-01,CHI,CLE,1,9,21,0.429,2,6,0.333,8,10,0.8,0,1,1,11,0,1,3,1,28,21.4,16,Yes,W ,9,37,8,No,Illinois
190,196,32,33,2011-01-04,CHI,TOR,1,7,11,0.636,2,3,0.667,3,3,1.0,0,1,1,6,0,0,1,1,19,17.2,4,Yes,W ,20,29,44,No,Illinois
191,197,33,34,2011-01-05,CHI,NJN,1,7,13,0.538,2,5,0.4,5,7,0.714,0,1,1,1,0,0,5,2,21,9.1,-14,Yes,L ,-2,32,50,No,Illinois
192,198,34,35,2011-01-07,CHI,PHI,1,8,21,0.381,1,6,0.167,10,10,1.0,1,3,4,9,3,0,4,1,27,22.0,-10,Yes,L ,-6,35,26,No,Illinois
193,199,35,36,2011-01-08,CHI,BOS,1,10,19,0.526,1,3,0.333,15,19,0.789,1,4,5,2,0,0,4,0,36,24.4,9,Yes,W ,11,38,58,No,Illinois
194,200,36,37,2011-01-10,CHI,DET,1,10,20,0.5,0,3,0.0,9,9,1.0,2,3,5,7,2,1,3,0,29,25.9,15,Yes,W ,13,43,21,No,Illinois
195,201,37,38,2011-01-12,CHI,CHA,1,5,17,0.294,0,1,0.0,7,7,1.0,0,2,2,7,1,1,4,1,17,9.9,-8,Yes,L ,-5,35,47,No,Illinois
196,202,38,39,2011-01-14,CHI,IND,1,11,21,0.524,3,6,0.5,4,5,0.8,1,9,10,5,0,2,3,1,29,23.2,14,Yes,W ,13,36,21,No,Illinois
197,203,39,40,2011-01-15,CHI,MIA,1,12,27,0.444,2,6,0.333,8,8,1.0,1,3,4,8,0,3,2,1,34,26.8,-1,Yes,W ,3,42,43,No,Illinois
198,204,40,42,2011-01-17,CHI,MEM,1,7,20,0.35,1,3,0.333,7,9,0.778,2,8,10,12,1,1,1,2,22,22.1,13,Yes,W ,12,39,45,Yes,Illinois
199,205,41,43,2011-01-18,CHI,CHA,1,14,28,0.5,2,4,0.5,3,4,0.75,2,3,5,4,0,1,3,3,33,20.2,-3,Yes,L ,-1,38,29,No,Illinois
200,206,42,44,2011-01-20,CHI,DAL,1,9,28,0.321,2,5,0.4,6,6,1.0,3,4,7,9,0,2,4,1,26,16.6,2,Yes,W ,5,43,30,No,Illinois
201,207,43,45,2011-01-22,CHI,CLE,1,8,20,0.4,1,3,0.333,7,9,0.778,0,2,2,8,4,3,5,2,24,18.9,9,Yes,W ,13,38,37,No,Illinois
202,208,44,46,2011-01-24,CHI,MIL,1,5,16,0.313,1,3,0.333,10,10,1.0,1,1,2,10,1,1,3,0,21,18.5,0,Yes,W ,9,36,35,No,Illinois
203,209,45,47,2011-01-28,CHI,ORL,1,6,21,0.286,2,6,0.333,8,8,1.0,2,4,6,12,0,0,2,2,22,17.9,11,Yes,W ,9,37,41,No,Illinois
204,210,46,48,2011-01-29,CHI,IND,1,8,17,0.471,1,4,0.25,3,3,1.0,1,2,3,7,1,0,2,0,20,16.5,11,Yes,W ,21,34,36,No,Illinois
205,211,47,49,2011-02-02,CHI,LAC,1,11,18,0.611,4,8,0.5,6,8,0.75,0,3,3,11,1,1,2,1,32,30.9,11,Yes,W ,18,37,31,No,Illinois
206,212,48,50,2011-02-05,CHI,GSW,1,6,15,0.4,0,5,0.0,2,2,1.0,1,2,3,10,1,0,9,3,14,5.0,-5,Yes,L ,-11,40,23,No,Illinois
207,213,49,51,2011-02-07,CHI,POR,1,14,27,0.519,1,6,0.167,7,8,0.875,0,1,1,6,0,0,4,2,36,22.0,-11,Yes,L ,-6,38,26,No,Illinois
208,214,50,52,2011-02-09,CHI,UTA,1,11,26,0.423,2,5,0.4,5,5,1.0,2,1,3,7,1,0,1,2,29,21.0,1,Yes,W ,5,38,53,No,Illinois
209,215,51,53,2011-02-12,CHI,NOH,1,7,15,0.467,1,2,0.5,8,8,1.0,0,4,4,6,1,0,4,2,23,16.9,8,Yes,W ,9,35,34,No,Illinois
210,216,52,54,2011-02-15,CHI,CHA,1,5,14,0.357,0,3,0.0,8,9,0.889,0,3,3,13,1,0,6,3,18,13.6,15,Yes,W ,12,37,51,No,Illinois
211,217,53,55,2011-02-17,CHI,SAS,1,18,28,0.643,0,4,0.0,6,6,1.0,2,3,5,8,0,1,1,2,42,36.4,15,Yes,W ,10,38,30,No,Illinois
212,218,54,56,2011-02-23,CHI,TOR,1,8,22,0.364,2,6,0.333,14,16,0.875,0,1,1,10,1,0,3,1,32,23.9,-2,Yes,L ,-5,38,29,No,Illinois
213,219,55,57,2011-02-24,CHI,MIA,1,9,24,0.375,1,5,0.2,7,8,0.875,0,5,5,6,0,0,4,2,26,13.3,-2,Yes,W ,4,37,22,No,Illinois
214,220,56,58,2011-02-26,CHI,MIL,1,7,19,0.368,1,4,0.25,2,2,1.0,1,3,4,4,2,0,3,0,17,9.9,6,Yes,W ,8,34,39,No,Illinois
215,221,57,59,2011-02-28,CHI,WAS,1,7,17,0.412,2,8,0.25,5,6,0.833,1,4,5,9,3,1,4,0,21,19.4,26,Yes,W ,28,32,19,No,Illinois
216,222,58,60,2011-03-02,CHI,ATL,1,5,21,0.238,0,6,0.0,2,3,0.667,2,3,5,12,1,0,6,1,12,4.2,-5,Yes,L ,-3,37,27,No,Illinois
217,223,59,61,2011-03-04,CHI,ORL,1,9,20,0.45,0,5,0.0,6,8,0.75,0,4,4,4,2,0,5,0,24,13.8,-3,Yes,W ,8,35,31,No,Illinois
218,224,60,63,2011-03-06,CHI,MIA,1,12,23,0.522,0,3,0.0,3,3,1.0,0,1,1,5,1,0,3,2,27,16.7,0,Yes,W ,1,38,21,No,Illinois
219,225,61,64,2011-03-07,CHI,NOH,1,8,21,0.381,2,6,0.333,6,7,0.857,2,2,4,9,1,2,3,2,24,19.0,9,Yes,W ,8,40,49,No,Illinois
220,226,62,65,2011-03-09,CHI,CHA,1,7,15,0.467,4,6,0.667,2,2,1.0,1,3,4,6,2,3,1,1,20,20.8,10,Yes,W ,17,31,34,No,Illinois
221,227,63,66,2011-03-11,CHI,ATL,1,9,24,0.375,2,9,0.222,14,15,0.933,2,4,6,5,1,0,3,2,34,23.7,25,Yes,W ,18,34,3,No,Illinois
222,228,64,67,2011-03-12,CHI,UTA,1,7,17,0.412,5,11,0.455,7,8,0.875,0,1,1,4,1,0,4,1,26,16.2,11,Yes,W ,18,37,47,No,Illinois
223,229,65,68,2011-03-15,CHI,WAS,1,8,21,0.381,2,7,0.286,5,5,1.0,2,2,4,7,2,0,3,1,23,17.0,22,Yes,W ,19,37,44,No,Illinois
224,230,66,69,2011-03-17,CHI,NJN,1,8,23,0.348,0,5,0.0,5,6,0.833,2,2,4,2,2,2,1,0,21,13.5,14,Yes,W ,11,37,23,No,Illinois
225,231,67,70,2011-03-18,CHI,IND,1,11,27,0.407,2,8,0.25,18,21,0.857,2,2,4,2,0,1,4,6,42,24.0,-9,Yes,L ,-7,39,8,No,Illinois
226,232,68,71,2011-03-21,CHI,SAC,1,6,11,0.545,2,4,0.5,4,4,1.0,0,0,0,8,1,0,2,3,18,16.1,17,Yes,W ,40,28,6,No,Illinois
227,233,69,72,2011-03-22,CHI,ATL,1,11,20,0.55,6,8,0.75,2,3,0.667,2,2,4,10,0,0,1,0,30,28.0,26,Yes,W ,33,28,50,No,Illinois
228,234,70,73,2011-03-25,CHI,MEM,1,6,22,0.273,0,5,0.0,12,13,0.923,3,4,7,7,0,0,4,1,24,14.4,7,Yes,W ,3,37,57,No,Illinois
229,235,71,74,2011-03-26,CHI,MIL,1,9,17,0.529,0,3,0.0,12,12,1.0,1,2,3,17,0,0,2,1,30,32.5,7,Yes,W ,8,40,9,No,Illinois
230,236,72,75,2011-03-28,CHI,PHI,1,12,24,0.5,0,3,0.0,7,9,0.778,1,3,4,5,3,1,10,1,31,16.6,-6,Yes,L ,-12,41,58,No,Illinois
231,237,73,76,2011-03-30,CHI,MIN,1,5,14,0.357,4,9,0.444,9,9,1.0,1,3,4,10,0,0,1,0,23,22.8,21,Yes,W ,17,30,56,No,Illinois
232,238,74,77,2011-04-01,CHI,DET,1,8,17,0.471,3,6,0.5,8,11,0.727,0,3,3,7,4,0,3,2,27,23.1,1,Yes,W ,5,37,44,No,Illinois
233,239,75,78,2011-04-02,CHI,TOR,1,11,20,0.55,1,4,0.25,13,14,0.929,2,1,3,10,1,3,4,3,36,32.6,7,Yes,W ,7,42,6,No,Illinois
234,240,76,79,2011-04-05,CHI,PHO,1,6,15,0.4,1,5,0.2,6,6,1.0,0,3,3,4,0,1,2,1,19,12.9,0,Yes,W ,3,34,57,No,Illinois
235,241,77,80,2011-04-07,CHI,BOS,1,9,16,0.563,2,5,0.4,10,10,1.0,1,4,5,8,2,0,3,3,30,27.7,24,Yes,W ,16,39,39,No,Illinois
236,242,78,81,2011-04-08,CHI,CLE,1,4,10,0.4,0,2,0.0,3,3,1.0,0,1,1,8,0,0,4,2,11,6.7,3,Yes,W ,11,33,24,No,Illinois
237,243,79,82,2011-04-10,CHI,ORL,1,13,17,0.765,3,5,0.6,10,10,1.0,1,2,3,5,0,1,5,3,39,31.6,6,Yes,W ,3,37,5,No,Illinois
238,244,80,84,2011-04-12,CHI,NYK,1,10,19,0.526,2,6,0.333,4,5,0.8,0,0,0,3,2,1,4,3,26,15.9,17,Yes,W ,13,38,3,No,Illinois
239,245,81,85,2011-04-13,CHI,NJN,1,5,13,0.385,0,3,0.0,5,8,0.625,1,3,4,1,0,0,0,1,15,8.6,-5,Yes,W ,5,30,15,No,Illinois
240,246,0,0,2011-12-25,CHI,LAL,1,9,13,0.692,4,6,0.667,0,0,,0,1,1,5,0,1,5,1,22,15.6,7,Yes,W ,1,35,19,No,Illinois
241,247,1,1,2011-12-26,CHI,GSW,1,4,17,0.235,1,8,0.125,4,4,1.0,1,4,5,8,0,0,3,3,13,6.0,1,Yes,L ,-8,39,4,No,Illinois
242,248,2,2,2011-12-29,CHI,SAC,1,7,14,0.5,0,2,0.0,5,6,0.833,0,1,1,8,0,0,6,5,19,9.5,-1,Yes,W ,10,32,12,No,Illinois
243,249,3,3,2011-12-30,CHI,LAC,1,8,14,0.571,3,4,0.75,10,11,0.909,3,5,8,16,1,0,4,3,29,32.6,16,Yes,W ,13,42,4,No,Illinois
244,250,4,4,2012-01-01,CHI,MEM,1,4,10,0.4,0,1,0.0,8,8,1.0,0,3,3,6,2,2,2,1,16,16.7,43,Yes,W ,40,25,34,No,Illinois
245,251,5,5,2012-01-03,CHI,ATL,1,8,22,0.364,3,8,0.375,11,13,0.846,0,1,1,7,0,1,2,1,30,20.5,2,Yes,W ,2,43,59,No,Illinois
246,252,6,6,2012-01-04,CHI,DET,1,7,15,0.467,0,6,0.0,3,4,0.75,0,2,2,10,2,0,2,1,17,16.1,14,Yes,W ,16,39,42,No,Illinois
247,253,7,7,2012-01-06,CHI,ORL,1,7,18,0.389,1,3,0.333,6,7,0.857,1,7,8,10,2,1,4,1,21,18.9,14,Yes,W ,14,39,22,No,Illinois
248,254,8,8,2012-01-07,CHI,ATL,1,3,10,0.3,0,3,0.0,2,2,1.0,1,3,4,6,1,0,5,0,8,4.0,-33,Yes,L ,-15,28,14,No,Illinois
249,255,9,9,2012-01-09,CHI,DET,1,8,16,0.5,1,6,0.167,5,5,1.0,0,1,1,8,0,0,3,0,22,16.9,12,Yes,W ,24,32,42,No,Illinois
250,256,10,10,2012-01-10,CHI,MIN,1,12,22,0.545,4,8,0.5,3,4,0.75,0,3,3,11,1,2,3,1,31,27.6,6,Yes,W ,11,41,48,No,Illinois
251,258,12,12,2012-01-13,CHI,BOS,1,9,21,0.429,2,6,0.333,5,7,0.714,1,3,4,7,0,0,3,3,25,15.4,16,Yes,W ,9,39,19,No,Illinois
252,259,13,13,2012-01-14,CHI,TOR,1,7,20,0.35,2,6,0.333,2,2,1.0,2,2,4,11,3,0,0,0,18,19.5,18,Yes,W ,13,41,28,No,Illinois
253,264,18,18,2012-01-23,CHI,NJN,1,9,16,0.563,2,5,0.4,2,2,1.0,0,5,5,8,1,0,3,3,22,18.3,8,Yes,W ,15,36,19,No,Illinois
254,265,19,19,2012-01-25,CHI,IND,1,9,19,0.474,1,4,0.25,5,5,1.0,1,2,3,3,1,2,2,1,24,17.7,-5,Yes,L ,-5,38,0,No,Illinois
255,266,20,21,2012-01-27,CHI,MIL,1,14,24,0.583,0,2,0.0,6,10,0.6,1,2,3,3,0,1,3,2,34,21.5,8,Yes,W ,7,37,17,No,Illinois
256,267,21,22,2012-01-29,CHI,MIA,1,11,28,0.393,0,4,0.0,12,14,0.857,1,5,6,6,1,1,2,3,34,22.9,4,Yes,L ,-4,44,33,No,Illinois
257,268,22,23,2012-01-30,CHI,WAS,1,10,20,0.5,1,2,0.5,14,15,0.933,0,0,0,8,2,3,5,1,35,28.9,13,Yes,W ,10,40,53,No,Illinois
258,269,23,24,2012-02-01,CHI,PHI,1,8,17,0.471,1,2,0.5,1,3,0.333,1,0,1,6,1,0,4,0,18,10.4,-17,Yes,L ,-16,31,4,No,Illinois
259,270,24,25,2012-02-02,CHI,NYK,1,12,26,0.462,2,5,0.4,6,9,0.667,0,4,4,13,1,0,2,0,32,26.7,1,Yes,W ,3,39,57,No,Illinois
260,271,25,26,2012-02-04,CHI,MIL,1,11,24,0.458,3,7,0.429,1,1,1.0,2,5,7,13,0,1,0,0,26,26.3,18,Yes,W ,23,35,3,No,Illinois
261,272,26,27,2012-02-06,CHI,NJN,1,2,3,0.667,0,1,0.0,0,0,,0,0,0,0,0,0,2,2,4,-0.1,10,Yes,W ,21,10,40,No,Illinois
262,273,27,28,2012-02-08,CHI,NOH,1,3,5,0.6,0,1,0.0,0,0,,0,5,5,6,1,0,1,1,6,9.0,28,Yes,W ,23,22,22,No,Illinois
263,279,33,34,2012-02-20,CHI,ATL,1,8,18,0.444,2,4,0.5,5,9,0.556,1,4,5,6,0,0,4,0,23,14.1,19,Yes,W ,11,34,54,No,Illinois
264,280,34,35,2012-02-22,CHI,MIL,1,6,13,0.462,1,2,0.5,3,4,0.75,1,1,2,7,0,2,3,1,16,12.8,15,Yes,W ,19,30,15,No,Illinois
265,281,35,36,2012-02-28,CHI,NOH,1,11,24,0.458,1,5,0.2,9,11,0.818,1,1,2,9,3,2,2,2,32,27.7,16,Yes,W ,4,40,49,No,Illinois
266,282,36,37,2012-02-29,CHI,SAS,1,10,23,0.435,1,5,0.2,8,8,1.0,0,1,1,4,0,1,2,2,29,17.9,1,Yes,W ,7,35,19,No,Illinois
267,283,37,38,2012-03-02,CHI,CLE,1,9,17,0.529,1,5,0.2,0,2,0.0,0,1,1,9,3,0,2,1,19,17.1,18,Yes,W ,21,28,19,No,Illinois
268,284,38,39,2012-03-04,CHI,PHI,1,12,23,0.522,4,7,0.571,7,9,0.778,0,4,4,8,1,1,3,3,35,27.2,11,Yes,W ,5,41,53,No,Illinois
269,285,39,40,2012-03-05,CHI,IND,1,5,16,0.313,3,6,0.5,0,2,0.0,1,3,4,9,0,1,2,2,13,8.8,14,Yes,W ,20,28,53,No,Illinois
270,286,40,42,2012-03-07,CHI,MIL,1,8,22,0.364,0,5,0.0,14,14,1.0,1,7,8,11,1,1,4,0,30,26.0,0,Yes,W ,2,39,17,No,Illinois
271,287,41,43,2012-03-08,CHI,ORL,1,6,22,0.273,2,6,0.333,3,4,0.75,2,2,4,9,1,1,1,1,17,12.2,-11,Yes,L ,-5,36,27,No,Illinois
272,288,42,44,2012-03-10,CHI,UTA,1,7,13,0.538,0,2,0.0,10,11,0.909,0,2,2,13,1,1,6,0,24,22.7,10,Yes,W ,14,35,24,No,Illinois
273,289,43,45,2012-03-12,CHI,NYK,1,12,29,0.414,2,6,0.333,6,9,0.667,2,4,6,7,0,0,4,1,32,18.4,6,Yes,W ,5,42,43,No,Illinois
274,302,56,58,2012-04-08,CHI,NYK,1,8,26,0.308,4,8,0.5,9,12,0.75,0,6,6,4,1,1,8,1,29,10.7,-5,Yes,L ,-1,38,37,No,Illinois
275,304,58,60,2012-04-12,CHI,MIA,1,1,13,0.077,0,3,0.0,0,0,,1,2,3,8,1,0,3,0,2,-1.8,-27,Yes,W ,10,25,28,No,Illinois
276,305,59,61,2012-04-15,CHI,DET,1,9,22,0.409,1,4,0.25,5,8,0.625,1,3,4,9,2,2,7,4,24,13.7,25,Yes,W ,6,41,7,No,Illinois
277,309,63,66,2012-04-21,CHI,DAL,1,5,9,0.556,1,3,0.333,0,0,,0,0,0,8,0,0,1,0,11,11.3,7,Yes,W ,10,31,40,No,Illinois
278,310,64,67,2012-04-25,CHI,IND,1,3,11,0.273,0,2,0.0,4,4,1.0,0,0,0,7,1,0,1,1,10,8.0,8,Yes,W ,5,26,30,No,Illinois
279,394,0,0,2013-10-29,CHI,MIA,1,4,15,0.267,1,7,0.143,3,4,0.75,0,1,1,4,0,0,5,2,12,0.0,-9,Yes,L ,-12,34,21,No,Illinois
280,395,1,1,2013-10-31,CHI,NYK,1,7,23,0.304,2,5,0.4,2,2,1.0,3,3,6,3,0,0,4,2,18,5.0,-1,Yes,W ,1,33,43,No,Illinois
281,396,2,2,2013-11-02,CHI,PHI,1,4,14,0.286,1,3,0.333,4,4,1.0,2,2,4,6,0,0,8,2,13,2.2,-11,Yes,L ,-3,32,28,No,Illinois
282,397,3,3,2013-11-06,CHI,IND,1,6,15,0.4,1,5,0.2,4,5,0.8,0,1,1,2,0,0,4,3,17,5.0,-28,Yes,L ,-17,27,28,No,Illinois
283,398,4,4,2013-11-08,CHI,UTA,1,3,8,0.375,1,2,0.5,5,5,1.0,0,2,2,5,1,1,4,1,12,9.0,18,Yes,W ,24,27,4,No,Illinois
284,399,5,5,2013-11-11,CHI,CLE,1,8,21,0.381,0,2,0.0,0,0,,1,2,3,7,0,0,0,1,16,10.3,9,Yes,W ,15,34,0,No,Illinois
285,401,7,7,2013-11-16,CHI,IND,1,7,16,0.438,6,11,0.545,0,0,,1,2,3,4,1,0,0,1,20,16.3,12,Yes,W ,16,30,59,No,Illinois
286,402,8,8,2013-11-18,CHI,CHA,1,4,13,0.308,1,5,0.2,3,4,0.75,0,3,3,5,1,0,3,1,12,6.1,3,Yes,W ,5,30,36,No,Illinois
287,403,9,9,2013-11-21,CHI,DEN,1,9,20,0.45,1,2,0.5,0,1,0.0,1,3,4,4,0,0,2,2,19,9.8,-19,Yes,L ,-10,33,5,No,Illinois
288,404,10,10,2013-11-22,CHI,POR,1,6,19,0.316,2,5,0.4,6,7,0.857,1,4,5,3,2,0,4,0,20,10.7,-8,Yes,L ,-3,27,31,No,Illinois
289,476,0,0,2014-10-29,CHI,NYK,1,3,7,0.429,0,3,0.0,7,8,0.875,0,3,3,5,2,0,3,2,13,11.5,4,Yes,W ,24,21,21,No,Illinois
290,477,1,1,2014-10-31,CHI,CLE,1,8,16,0.5,2,6,0.333,2,3,0.667,3,1,4,4,0,0,2,1,20,14.4,8,Yes,L ,-6,25,18,No,Illinois
291,480,4,4,2014-11-05,CHI,MIL,1,4,10,0.4,2,5,0.4,3,4,0.75,0,2,2,7,2,0,4,2,13,9.9,19,Yes,W ,9,31,12,No,Illinois
292,483,7,7,2014-11-10,CHI,DET,1,9,20,0.45,2,5,0.4,4,5,0.8,0,2,2,7,1,0,3,2,24,15.9,14,Yes,W ,11,32,6,No,Illinois
293,484,8,8,2014-11-13,CHI,TOR,1,5,14,0.357,1,5,0.2,9,10,0.9,2,1,3,4,0,0,5,0,20,11.3,1,Yes,W ,7,29,51,No,Illinois
294,489,13,13,2014-11-24,CHI,UTA,1,5,10,0.5,3,5,0.6,5,8,0.625,0,3,3,5,1,0,4,0,18,13.2,5,Yes,W ,2,24,37,No,Illinois
295,490,14,14,2014-11-25,CHI,DEN,1,1,4,0.25,0,3,0.0,0,0,,0,0,0,3,0,0,1,1,2,0.3,-8,Yes,L ,-5,9,52,No,Illinois
296,491,15,15,2014-11-28,CHI,BOS,1,9,18,0.5,2,6,0.333,1,2,0.5,1,3,4,4,0,1,1,2,21,14.9,11,Yes,W ,7,27,44,No,Illinois
297,492,16,16,2014-11-30,CHI,BRK,1,5,12,0.417,2,7,0.286,2,3,0.667,1,5,6,2,0,0,4,1,14,6.4,14,Yes,W ,18,25,56,No,Illinois
298,493,17,17,2014-12-02,CHI,DAL,1,6,20,0.3,4,11,0.364,2,4,0.5,1,4,5,10,0,0,7,2,18,6.7,-1,Yes,L ,-3,36,33,No,Illinois
299,494,18,18,2014-12-03,CHI,CHO,1,5,12,0.417,2,7,0.286,3,3,1.0,0,2,2,5,0,0,2,2,15,9.9,0,Yes,W ,7,27,48,No,Illinois
300,495,19,19,2014-12-06,CHI,GSW,1,2,11,0.182,1,7,0.143,4,4,1.0,1,3,4,6,0,0,2,2,9,5.1,-19,Yes,L ,-10,31,11,No,Illinois
301,496,20,21,2014-12-10,CHI,BRK,1,8,15,0.533,3,7,0.429,4,5,0.8,0,4,4,4,0,0,5,4,23,12.7,20,Yes,W ,25,23,50,No,Illinois
302,497,21,22,2014-12-12,CHI,POR,1,14,24,0.583,0,2,0.0,3,3,1.0,0,3,3,5,1,0,2,2,31,22.4,-5,Yes,W ,9,31,34,No,Illinois
303,498,22,23,2014-12-14,CHI,MIA,1,6,14,0.429,1,3,0.333,1,2,0.5,0,2,2,3,1,0,1,3,14,7.7,15,Yes,W ,18,27,10,No,Illinois
304,499,23,24,2014-12-15,CHI,ATL,1,6,21,0.286,0,7,0.0,2,3,0.667,3,2,5,8,0,1,6,1,14,3.9,-9,Yes,L ,-7,31,30,No,Illinois
305,502,26,27,2014-12-22,CHI,TOR,1,12,19,0.632,0,3,0.0,5,6,0.833,0,2,2,3,0,0,2,1,29,20.4,4,Yes,W ,9,30,52,No,Illinois
306,503,27,28,2014-12-23,CHI,WAS,1,10,17,0.588,1,3,0.333,4,4,1.0,1,1,2,4,2,0,5,0,25,17.9,2,Yes,W ,8,28,34,No,Illinois
307,504,28,29,2014-12-25,CHI,LAL,1,7,14,0.5,2,6,0.333,4,4,1.0,0,2,2,6,1,0,3,0,20,15.8,4,Yes,W ,20,31,47,No,Illinois
308,505,29,30,2014-12-27,CHI,NOP,1,8,18,0.444,2,5,0.4,1,2,0.5,0,1,1,1,0,0,4,0,19,6.2,-3,Yes,W ,7,27,1,No,Illinois
309,506,30,31,2014-12-29,CHI,IND,1,5,20,0.25,1,7,0.143,6,6,1.0,0,3,3,6,0,2,3,0,17,8.5,2,Yes,W ,2,34,50,No,Illinois
310,507,31,32,2014-12-30,CHI,BRK,1,2,15,0.133,0,5,0.0,0,0,,1,3,4,5,0,1,4,2,4,-4.7,-2,Yes,L ,-14,27,41,No,Illinois
311,508,32,33,2015-01-01,CHI,DEN,1,7,25,0.28,1,3,0.333,2,2,1.0,0,3,3,8,2,2,1,1,17,10.8,1,Yes,W ,5,31,34,No,Illinois
312,509,33,34,2015-01-03,CHI,BOS,1,5,18,0.278,1,4,0.25,1,2,0.5,0,2,2,1,1,0,4,1,12,-1.1,-5,Yes,W ,5,34,41,No,Illinois
313,510,34,35,2015-01-05,CHI,HOU,1,6,17,0.353,1,4,0.25,6,6,1.0,1,2,3,9,2,0,3,1,19,15.7,12,Yes,W ,9,34,5,No,Illinois
314,511,35,36,2015-01-07,CHI,UTA,1,3,15,0.2,0,1,0.0,1,2,0.5,2,2,4,2,0,0,3,2,7,-3.1,-18,Yes,L ,-20,30,12,No,Illinois
315,512,36,37,2015-01-09,CHI,WAS,1,8,19,0.421,1,7,0.143,2,2,1.0,1,3,4,2,0,1,4,1,19,8.2,-21,Yes,L ,-16,30,58,No,Illinois
316,514,38,39,2015-01-12,CHI,ORL,1,8,15,0.533,1,5,0.2,1,3,0.333,0,2,2,7,2,0,3,3,18,13.2,-2,Yes,L ,-7,30,28,No,Illinois
317,515,39,40,2015-01-14,CHI,WAS,1,12,22,0.545,6,9,0.667,2,3,0.667,0,2,2,5,0,0,3,2,32,21.3,-18,Yes,L ,-6,36,3,No,Illinois
318,516,40,42,2015-01-16,CHI,BOS,1,12,20,0.6,5,8,0.625,0,0,,1,2,3,10,1,2,0,0,29,30.5,9,Yes,W ,16,32,48,No,Illinois
319,517,41,43,2015-01-17,CHI,ATL,1,8,22,0.364,4,10,0.4,3,5,0.6,2,6,8,10,0,0,3,0,23,17.2,3,Yes,L ,-8,37,6,No,Illinois
320,518,42,44,2015-01-19,CHI,CLE,1,5,14,0.357,3,5,0.6,5,5,1.0,0,1,1,2,1,0,1,1,18,11.5,-13,Yes,L ,-14,29,56,No,Illinois
321,519,43,45,2015-01-22,CHI,SAS,1,9,16,0.563,2,4,0.5,2,2,1.0,1,1,2,5,2,0,2,1,22,18.5,26,Yes,W ,23,26,39,No,Illinois
322,520,44,46,2015-01-23,CHI,DAL,1,7,17,0.412,3,5,0.6,3,3,1.0,2,1,3,3,1,1,5,0,20,11.4,8,Yes,W ,4,37,5,No,Illinois
323,521,45,47,2015-01-25,CHI,MIA,1,7,17,0.412,0,6,0.0,5,6,0.833,0,2,2,4,1,1,4,1,19,10.2,-13,Yes,L ,-12,33,17,No,Illinois
324,522,46,48,2015-01-27,CHI,GSW,1,13,33,0.394,4,12,0.333,0,0,,2,5,7,1,0,1,11,1,30,5.0,10,Yes,W ,2,42,55,No,Illinois
325,523,47,49,2015-01-29,CHI,LAL,1,7,26,0.269,1,7,0.143,2,2,1.0,2,2,4,6,1,0,5,1,17,3.4,-6,Yes,L ,-5,42,28,No,Illinois
326,524,48,50,2015-01-30,CHI,PHO,1,8,23,0.348,0,6,0.0,7,9,0.778,2,3,5,3,0,0,3,2,23,9.9,15,Yes,L ,-6,36,19,No,Illinois
327,525,49,51,2015-02-04,CHI,HOU,1,9,22,0.409,2,9,0.222,3,4,0.75,0,4,4,2,0,0,3,1,23,10.0,6,Yes,L ,-11,38,3,No,Illinois
328,526,50,52,2015-02-07,CHI,NOP,1,8,15,0.533,2,5,0.4,2,3,0.667,0,2,2,4,0,0,2,0,20,13.7,23,Yes,W ,35,28,3,No,Illinois
329,527,51,53,2015-02-08,CHI,ORL,1,4,14,0.286,1,4,0.25,1,2,0.5,0,1,1,11,2,0,3,0,10,8.4,2,Yes,W ,1,34,53,No,Illinois
330,528,52,54,2015-02-10,CHI,SAC,1,10,17,0.588,1,4,0.25,2,3,0.667,0,1,1,7,2,1,0,0,23,22.6,16,Yes,W ,18,32,36,No,Illinois
331,529,53,55,2015-02-12,CHI,CLE,1,12,24,0.5,0,2,0.0,6,6,1.0,1,3,4,7,1,0,2,3,30,22.3,3,Yes,W ,15,40,35,No,Illinois
332,530,54,56,2015-02-20,CHI,DET,1,2,9,0.222,0,3,0.0,4,4,1.0,0,2,2,2,0,1,6,2,8,-1.6,-19,Yes,L ,-9,31,4,No,Illinois
333,531,55,57,2015-02-21,CHI,PHO,1,5,12,0.417,1,3,0.333,5,5,1.0,0,4,4,5,1,0,1,4,16,12.7,8,Yes,W ,5,25,15,No,Illinois
334,532,56,58,2015-02-23,CHI,MIL,1,1,13,0.077,1,7,0.143,5,6,0.833,3,2,5,8,0,1,3,3,8,3.7,3,Yes,W ,16,32,55,No,Illinois
335,553,77,80,2015-04-08,CHI,ORL,1,3,9,0.333,1,6,0.167,2,2,1.0,0,2,2,2,1,0,4,1,9,2.5,-3,Yes,L ,-2,19,24,No,Illinois
336,554,78,81,2015-04-09,CHI,MIA,1,5,15,0.333,0,3,0.0,2,2,1.0,1,3,4,2,0,0,3,0,12,3.5,-2,Yes,W ,11,20,22,No,Illinois
337,555,79,82,2015-04-11,CHI,PHI,1,8,19,0.421,1,5,0.2,5,7,0.714,0,6,6,8,3,0,0,0,22,21.5,25,Yes,W ,7,28,29,No,Illinois
338,556,80,84,2015-04-13,CHI,BRK,1,5,13,0.385,2,4,0.5,1,2,0.5,0,3,3,7,1,0,2,1,13,9.9,8,Yes,W ,27,23,4,No,Illinois
339,557,81,85,2015-04-15,CHI,ATL,1,1,3,0.333,0,2,0.0,0,0,,0,2,2,1,0,0,4,0,2,-2.4,-11,Yes,W ,6,10,18,No,Illinois
340,558,0,0,2015-10-27,CHI,CLE,1,8,22,0.364,0,2,0.0,2,4,0.5,0,1,1,5,1,0,2,0,18,7.8,-1,Yes,W ,2,32,28,No,Illinois
341,559,1,1,2015-10-28,CHI,BRK,1,5,11,0.455,0,1,0.0,5,5,1.0,0,2,2,3,1,0,2,2,15,10.2,18,Yes,W ,15,29,26,No,Illinois
342,560,2,2,2015-10-30,CHI,DET,1,4,13,0.308,0,1,0.0,0,0,,0,2,2,6,0,0,5,3,8,-0.9,-14,Yes,L ,-4,34,29,No,Illinois
343,561,3,3,2015-11-01,CHI,ORL,1,2,8,0.25,0,1,0.0,2,2,1.0,0,7,7,8,0,0,3,1,6,5.5,6,Yes,W ,5,32,19,No,Illinois
344,562,4,4,2015-11-03,CHI,CHO,1,2,8,0.25,0,3,0.0,0,0,,0,2,2,5,0,0,2,0,4,1.3,-16,Yes,L ,-25,23,52,No,Illinois
345,563,5,5,2015-11-05,CHI,OKC,1,12,25,0.48,0,1,0.0,5,6,0.833,1,4,5,6,0,0,2,1,29,19.6,4,Yes,W ,6,37,29,No,Illinois
346,564,6,6,2015-11-07,CHI,MIN,1,3,13,0.231,1,4,0.25,4,5,0.8,0,3,3,5,1,0,5,1,11,2.7,-21,Yes,L ,-9,38,7,No,Illinois
347,565,7,7,2015-11-09,CHI,PHI,1,6,14,0.429,0,3,0.0,0,1,0.0,2,3,5,8,0,1,2,0,12,10.8,14,Yes,W ,23,27,33,No,Illinois
348,566,8,8,2015-11-13,CHI,CHO,1,4,14,0.286,0,2,0.0,2,2,1.0,0,1,1,8,1,1,3,2,10,5.6,-2,Yes,W ,5,34,39,No,Illinois
349,567,9,9,2015-11-16,CHI,IND,1,9,18,0.5,2,2,1.0,3,4,0.75,1,1,2,6,2,1,0,3,23,20.3,5,Yes,W ,1,33,13,No,Illinois
350,570,12,12,2015-11-24,CHI,POR,1,7,20,0.35,1,3,0.333,2,2,1.0,0,4,4,6,0,0,2,3,17,8.0,11,Yes,W ,5,34,31,No,Illinois
351,571,13,13,2015-11-27,CHI,IND,1,4,16,0.25,2,5,0.4,0,0,,1,5,6,5,1,1,3,1,10,4.4,-19,Yes,L ,-12,31,15,No,Illinois
352,572,14,14,2015-11-30,CHI,SAS,1,5,17,0.294,0,2,0.0,1,2,0.5,0,4,4,6,1,1,1,1,11,6.4,-5,Yes,W ,3,34,8,No,Illinois
353,573,15,15,2015-12-02,CHI,DEN,1,3,17,0.176,0,2,0.0,6,8,0.75,0,2,2,9,0,0,2,2,12,4.6,9,Yes,W ,9,37,0,No,Illinois
354,574,16,16,2015-12-05,CHI,CHO,1,8,17,0.471,3,6,0.5,0,1,0.0,0,7,7,5,0,0,2,2,19,12.7,-11,Yes,L ,-6,34,14,No,Illinois
355,575,17,17,2015-12-07,CHI,PHO,1,7,18,0.389,0,3,0.0,0,0,,1,5,6,4,3,1,5,3,14,6.7,2,Yes,L ,-2,34,12,No,Illinois
356,576,18,18,2015-12-09,CHI,BOS,1,5,11,0.455,1,3,0.333,1,4,0.25,0,2,2,6,0,1,3,0,12,7.6,-3,Yes,L ,-5,36,30,No,Illinois
357,577,19,19,2015-12-10,CHI,LAC,1,5,11,0.455,1,3,0.333,0,0,,0,3,3,2,1,0,3,0,11,5.6,-3,Yes,W ,3,27,32,No,Illinois
358,578,20,21,2015-12-12,CHI,NOP,1,4,10,0.4,0,0,,1,2,0.5,0,3,3,3,1,0,1,0,9,6.2,0,Yes,W ,4,28,43,No,Illinois
359,579,21,22,2015-12-14,CHI,PHI,1,2,3,0.667,0,0,,2,2,1.0,0,1,1,4,0,0,2,1,6,5.4,5,Yes,W ,19,26,26,No,Illinois
360,580,22,23,2015-12-16,CHI,MEM,1,9,19,0.474,0,3,0.0,1,3,0.333,0,2,2,5,1,0,3,1,19,10.2,10,Yes,W ,13,33,6,No,Illinois
361,581,23,24,2015-12-18,CHI,DET,1,14,34,0.412,1,3,0.333,5,5,1.0,0,4,4,8,1,0,4,5,34,17.6,5,Yes,L ,-3,54,13,No,Illinois
362,582,24,25,2015-12-19,CHI,NYK,1,3,10,0.3,0,2,0.0,0,1,0.0,2,0,2,1,0,0,2,0,6,-0.1,-2,Yes,L ,-16,21,2,No,Illinois
363,583,25,26,2015-12-21,CHI,BRK,1,3,11,0.273,1,3,0.333,1,2,0.5,1,3,4,5,2,0,3,1,8,4.8,-9,Yes,L ,-3,32,31,No,Illinois
364,584,26,27,2015-12-25,CHI,OKC,1,7,18,0.389,0,1,0.0,5,6,0.833,1,3,4,1,0,0,4,6,19,4.7,10,Yes,W ,9,30,4,No,Illinois
365,585,27,28,2015-12-26,CHI,DAL,1,12,20,0.6,0,1,0.0,1,1,1.0,1,4,5,4,0,0,3,1,25,17.1,-5,Yes,L ,-7,36,34,No,Illinois
366,586,28,29,2015-12-28,CHI,TOR,1,7,16,0.438,3,5,0.6,3,4,0.75,0,1,1,4,0,1,1,1,20,13.6,0,Yes,W ,7,28,48,No,Illinois
367,590,32,33,2016-01-05,CHI,MIL,1,8,17,0.471,0,4,0.0,0,0,,0,1,1,6,0,0,5,1,16,6.4,15,Yes,W ,11,34,32,No,Illinois
368,591,33,34,2016-01-07,CHI,BOS,1,9,16,0.563,0,1,0.0,0,0,,2,5,7,3,0,0,2,4,18,11.8,6,Yes,W ,9,34,27,No,Illinois
369,592,34,35,2016-01-09,CHI,ATL,1,5,15,0.333,0,0,,7,8,0.875,2,1,3,5,2,1,6,1,17,9.6,-9,Yes,L ,-15,35,29,No,Illinois
370,593,35,36,2016-01-11,CHI,WAS,1,8,13,0.615,2,3,0.667,5,5,1.0,0,0,0,1,0,1,4,0,23,14.5,-25,Yes,L ,-14,31,3,No,Illinois
371,594,36,37,2016-01-12,CHI,MIL,1,3,9,0.333,1,3,0.333,2,2,1.0,1,0,1,3,1,0,3,2,9,3.9,-9,Yes,L ,-5,22,29,No,Illinois
372,596,38,39,2016-01-15,CHI,DAL,1,8,18,0.444,0,2,0.0,2,2,1.0,1,3,4,2,2,0,1,1,18,12.2,3,Yes,L ,-6,33,22,No,Illinois
373,597,39,40,2016-01-18,CHI,DET,1,9,17,0.529,1,2,0.5,1,1,1.0,0,1,1,4,0,0,1,0,20,13.8,-8,Yes,W ,10,27,26,No,Illinois
374,598,40,42,2016-01-20,CHI,GSW,1,12,22,0.545,0,2,0.0,5,5,1.0,0,1,1,2,0,0,2,3,29,16.9,-10,Yes,L ,-31,30,10,No,Illinois
375,599,41,43,2016-01-22,CHI,BOS,1,10,21,0.476,3,4,0.75,4,4,1.0,2,5,7,3,0,0,4,2,27,16.5,-15,Yes,L ,-9,36,8,No,Illinois
376,600,42,44,2016-01-23,CHI,CLE,1,5,21,0.238,0,1,0.0,2,2,1.0,1,3,4,4,0,1,1,1,12,3.0,-1,Yes,W ,13,35,16,No,Illinois
377,601,43,45,2016-01-25,CHI,MIA,1,2,6,0.333,0,0,,0,0,,0,0,0,1,0,0,0,0,4,1.3,-2,Yes,L ,-5,13,1,No,Illinois
378,602,44,46,2016-01-28,CHI,LAL,1,7,12,0.583,0,2,0.0,2,2,1.0,0,7,7,5,1,0,1,2,16,15.2,15,Yes,W ,23,28,42,No,Illinois
379,603,45,47,2016-01-31,CHI,LAC,1,10,17,0.588,0,0,,0,0,,0,5,5,4,0,0,3,2,20,12.6,-14,Yes,L ,-27,33,3,No,Illinois
380,604,46,48,2016-02-01,CHI,UTA,1,6,21,0.286,1,4,0.25,1,2,0.5,1,2,3,4,1,1,3,3,14,2.9,-14,Yes,L ,-9,36,50,No,Illinois
381,605,47,49,2016-02-03,CHI,SAC,1,6,15,0.4,0,1,0.0,9,10,0.9,2,4,6,9,2,0,7,1,21,16.0,7,Yes,W ,5,35,24,No,Illinois
382,606,48,50,2016-02-05,CHI,DEN,1,13,27,0.481,0,3,0.0,4,6,0.667,2,7,9,8,1,0,2,1,30,23.2,-7,Yes,L ,-5,35,20,No,Illinois
383,607,49,51,2016-02-06,CHI,MIN,1,6,20,0.3,0,3,0.0,6,7,0.857,3,2,5,10,1,0,3,3,18,12.5,-3,Yes,L ,-7,32,57,No,Illinois
384,609,51,53,2016-02-10,CHI,ATL,1,6,18,0.333,2,2,1.0,0,0,,2,3,5,3,1,0,2,2,14,6.4,-14,Yes,L ,-23,28,48,No,Illinois
385,610,52,54,2016-02-18,CHI,CLE,1,11,19,0.579,2,3,0.667,4,4,1.0,0,7,7,2,1,0,3,0,28,20.6,-15,Yes,L ,-11,30,21,No,Illinois
386,611,53,55,2016-02-19,CHI,TOR,1,12,20,0.6,1,2,0.5,1,2,0.5,2,1,3,6,0,0,4,1,26,17.9,4,Yes,W ,10,34,41,No,Illinois
387,612,54,56,2016-02-21,CHI,LAL,1,8,15,0.533,0,1,0.0,8,8,1.0,3,4,7,6,0,0,2,2,24,21.4,-4,Yes,W ,11,30,49,No,Illinois
388,616,58,60,2016-03-01,CHI,MIA,1,6,11,0.545,1,1,1.0,4,7,0.571,0,0,0,3,1,0,3,0,17,10.6,-19,Yes,L ,-18,24,10,No,Illinois
389,617,59,61,2016-03-02,CHI,ORL,1,7,14,0.5,0,0,,2,2,1.0,0,4,4,6,1,0,2,0,16,13.4,-14,Yes,L ,-13,24,51,No,Illinois
390,618,60,63,2016-03-05,CHI,HOU,1,6,10,0.6,2,4,0.5,3,4,0.75,0,3,3,9,0,1,6,1,17,13.5,6,Yes,W ,8,29,15,No,Illinois
391,619,61,64,2016-03-07,CHI,MIL,1,9,18,0.5,2,6,0.333,2,2,1.0,1,0,1,7,1,0,6,1,22,13.2,20,Yes,W ,10,38,56,No,Illinois
392,620,62,65,2016-03-10,CHI,SAS,1,9,21,0.429,1,2,0.5,2,2,1.0,2,1,3,6,0,0,2,0,21,13.8,-1,Yes,L ,-8,35,47,No,Illinois
393,623,65,68,2016-03-16,CHI,WAS,1,7,19,0.368,0,1,0.0,2,2,1.0,0,3,3,4,2,0,4,0,16,7.2,-5,Yes,L ,-21,29,4,No,Illinois
394,624,66,69,2016-03-17,CHI,BRK,1,5,12,0.417,1,1,1.0,1,1,1.0,0,3,3,5,1,0,1,1,12,9.6,-3,Yes,W ,16,29,7,No,Illinois
395,625,67,70,2016-03-19,CHI,UTA,1,10,15,0.667,2,2,1.0,0,0,,1,2,3,4,0,0,3,2,22,15.8,5,Yes,W ,7,30,38,No,Illinois
396,626,68,71,2016-03-21,CHI,SAC,1,9,15,0.6,0,1,0.0,0,2,0.0,0,5,5,4,1,0,1,0,18,14.6,18,Yes,W ,7,33,4,No,Illinois
397,627,69,72,2016-03-23,CHI,NYK,1,9,17,0.529,2,5,0.4,1,1,1.0,0,3,3,4,0,0,0,1,21,16.0,-4,Yes,L ,-8,31,36,No,Illinois
398,628,70,73,2016-03-24,CHI,NYK,1,13,24,0.542,1,4,0.25,3,4,0.75,0,2,2,3,2,0,1,1,30,21.3,-6,Yes,L ,-12,38,58,No,Illinois
399,629,71,74,2016-03-26,CHI,ORL,1,4,14,0.286,1,4,0.25,0,2,0.0,2,1,3,2,0,0,4,0,9,-0.9,-13,Yes,L ,-22,29,26,No,Illinois
400,630,72,75,2016-03-28,CHI,ATL,1,8,25,0.32,2,4,0.5,2,2,1.0,2,3,5,5,2,1,1,1,20,12.8,-1,Yes,L ,-2,34,3,No,Illinois
401,631,73,76,2016-03-29,CHI,IND,1,4,15,0.267,0,2,0.0,0,0,,0,1,1,4,0,0,0,2,8,1.4,-13,Yes,W ,2,28,52,No,Illinois
402,632,74,77,2016-03-31,CHI,HOU,1,0,0,,0,0,,0,0,,0,0,0,2,0,0,3,0,0,-1.6,-1,Yes,W ,3,11,57,No,Illinois
403,635,77,80,2016-04-05,CHI,MEM,1,5,15,0.333,0,3,0.0,2,2,1.0,2,3,5,8,1,0,5,1,12,7.0,-6,Yes,L ,-16,35,13,No,Illinois
404,636,78,81,2016-04-07,CHI,MIA,1,7,16,0.438,0,0,,3,4,0.75,1,2,3,3,2,0,2,0,17,11.6,3,Yes,L ,-8,35,42,No,Illinois
405,637,79,82,2016-04-09,CHI,CLE,1,5,14,0.357,0,2,0.0,0,0,,0,2,2,3,0,0,2,0,10,2.9,-20,Yes,W ,3,32,5,No,Illinois
406,640,0,0,2016-10-25,NYK,CLE,1,7,17,0.412,1,2,0.5,2,2,1.0,2,1,3,1,0,1,4,1,17,6.6,-19,Yes,L ,-29,29,35,No,New York
407,641,1,1,2016-10-29,NYK,MEM,1,6,13,0.462,0,1,0.0,1,2,0.5,1,3,4,3,2,1,0,2,13,11.5,7,Yes,W ,7,32,16,No,New York
408,642,2,2,2016-11-01,NYK,DET,1,8,17,0.471,0,1,0.0,3,3,1.0,1,4,5,2,0,1,2,0,19,12.3,-4,Yes,L ,-13,31,41,No,New York
409,643,3,3,2016-11-02,NYK,HOU,1,8,18,0.444,0,0,,0,0,,1,3,4,4,2,0,2,2,16,10.2,-15,Yes,L ,-19,29,44,No,New York
410,644,4,4,2016-11-04,NYK,CHI,1,6,16,0.375,0,0,,3,3,1.0,0,7,7,11,1,1,3,2,15,13.9,12,Yes,W ,13,38,6,No,New York
411,645,5,5,2016-11-06,NYK,UTA,1,7,14,0.5,0,0,,4,4,1.0,2,2,4,8,1,0,4,3,18,14.4,1,Yes,L ,-5,36,11,No,New York
412,646,6,6,2016-11-09,NYK,BRK,1,6,10,0.6,1,1,1.0,1,2,0.5,1,2,3,4,0,0,2,1,14,10.7,-10,Yes,W ,14,22,11,No,New York
413,647,7,7,2016-11-11,NYK,BOS,1,3,10,0.3,1,3,0.333,4,4,1.0,0,4,4,6,0,0,7,4,11,2.0,-10,Yes,L ,-28,27,6,No,New York
414,648,8,8,2016-11-12,NYK,TOR,1,10,20,0.5,0,3,0.0,1,2,0.5,2,2,4,4,0,0,4,0,21,11.4,0,Yes,L ,-11,38,8,No,New York
415,649,9,9,2016-11-14,NYK,DAL,1,1,6,0.167,0,1,0.0,1,2,0.5,0,4,4,5,0,0,5,4,3,-3.1,20,Yes,W ,16,27,32,No,New York
416,650,10,10,2016-11-16,NYK,DET,1,7,15,0.467,0,2,0.0,1,2,0.5,0,5,5,3,0,1,1,1,15,9.8,2,Yes,W ,3,34,19,No,New York
417,651,11,11,2016-11-17,NYK,WAS,1,8,18,0.444,3,5,0.6,8,8,1.0,2,0,2,4,1,0,2,1,27,20.4,-8,Yes,L ,-7,38,37,No,New York
418,652,12,12,2016-11-20,NYK,ATL,1,5,14,0.357,0,2,0.0,4,4,1.0,1,2,3,7,0,0,4,0,14,8.4,12,Yes,W ,10,29,50,No,New York
419,653,13,13,2016-11-22,NYK,POR,1,8,15,0.533,0,0,,2,2,1.0,2,2,4,5,2,1,1,4,18,16.3,-3,Yes,W ,4,28,5,No,New York
420,654,14,14,2016-11-25,NYK,CHO,1,6,13,0.462,0,1,0.0,4,5,0.8,2,1,3,5,1,1,3,1,16,12.4,7,Yes,W ,2,38,7,No,New York
421,655,15,15,2016-11-26,NYK,CHO,1,6,20,0.3,1,3,0.333,5,6,0.833,5,3,8,8,2,2,1,3,18,17.2,-9,Yes,L ,-5,34,9,No,New York
422,656,16,16,2016-11-28,NYK,OKC,1,10,20,0.5,0,2,0.0,10,10,1.0,2,5,7,4,0,0,1,0,30,24.7,-1,Yes,L ,-9,38,2,No,New York
423,657,17,17,2016-11-30,NYK,MIN,1,5,12,0.417,1,3,0.333,0,0,,0,0,0,2,1,0,2,4,11,3.4,-9,Yes,W ,2,23,35,No,New York
424,658,18,18,2016-12-02,NYK,MIN,1,9,15,0.6,0,1,0.0,6,10,0.6,1,4,5,5,1,0,1,1,24,20.5,13,Yes,W ,4,33,54,No,New York
425,659,19,19,2016-12-04,NYK,SAC,1,9,14,0.643,0,0,,2,3,0.667,2,4,6,6,0,0,4,1,20,15.8,-2,Yes,W ,8,33,37,No,New York
426,660,20,21,2016-12-06,NYK,MIA,1,4,12,0.333,0,1,0.0,2,2,1.0,1,1,2,3,2,0,1,0,10,7.3,7,Yes,W ,11,24,55,No,New York
427,663,23,24,2016-12-11,NYK,LAL,1,12,16,0.75,0,1,0.0,1,2,0.5,0,3,3,2,0,1,2,1,25,18.8,13,Yes,W ,6,33,55,No,New York
428,664,24,25,2016-12-13,NYK,PHO,1,0,6,0.0,0,1,0.0,2,2,1.0,0,1,1,0,0,0,0,0,2,-1.9,-5,Yes,L ,-2,9,54,No,New York
429,667,27,28,2016-12-20,NYK,IND,1,9,18,0.5,0,0,,6,7,0.857,0,4,4,6,0,2,4,0,24,17.4,10,Yes,W ,7,35,54,No,New York
430,668,28,29,2016-12-22,NYK,ORL,1,7,16,0.438,1,2,0.5,4,4,1.0,1,4,5,3,0,0,0,2,19,13.8,-4,Yes,W ,11,26,2,No,New York
431,669,29,30,2016-12-25,NYK,BOS,1,10,19,0.526,0,0,,5,6,0.833,3,2,5,3,0,0,3,3,25,15.9,-5,Yes,L ,-5,37,50,No,New York
432,670,30,31,2016-12-28,NYK,ATL,1,9,28,0.321,0,2,0.0,8,9,0.889,2,5,7,6,0,0,2,3,26,13.5,6,Yes,L ,-4,42,33,No,New York
433,671,31,32,2016-12-30,NYK,NOP,1,9,21,0.429,1,2,0.5,1,1,1.0,0,2,2,1,3,0,4,2,20,8.4,-7,Yes,L ,-12,38,18,No,New York
434,672,32,33,2016-12-31,NYK,HOU,1,8,23,0.348,1,3,0.333,4,5,0.8,2,3,5,7,2,0,0,0,21,16.9,-9,Yes,L ,-7,40,43,No,New York
435,673,33,34,2017-01-02,NYK,ORL,1,8,15,0.533,0,1,0.0,2,2,1.0,2,1,3,4,0,0,3,0,18,12.2,-8,Yes,L ,-12,28,14,No,New York
436,674,34,35,2017-01-04,NYK,MIL,1,7,18,0.389,1,2,0.5,0,0,,0,3,3,4,1,0,5,0,15,4.9,7,Yes,L ,-1,33,21,No,New York
437,675,35,36,2017-01-06,NYK,MIL,1,4,14,0.286,0,1,0.0,4,4,1.0,0,2,2,8,0,0,1,1,12,8.6,-2,Yes,W ,5,31,46,No,New York
438,676,36,37,2017-01-07,NYK,IND,1,6,12,0.5,0,2,0.0,2,2,1.0,0,2,2,3,2,0,2,2,14,9.9,-7,Yes,L ,-14,25,54,No,New York
439,678,38,39,2017-01-11,NYK,PHI,1,11,16,0.688,0,0,,3,4,0.75,0,2,2,4,1,0,2,1,25,19.8,-21,Yes,L ,-1,31,41,No,New York
440,679,39,40,2017-01-12,NYK,CHI,1,7,15,0.467,0,0,,3,3,1.0,0,4,4,3,0,0,2,0,17,10.6,15,Yes,W ,15,34,12,No,New York
441,680,40,42,2017-01-15,NYK,TOR,1,6,12,0.5,0,0,,4,5,0.8,0,2,2,3,0,1,2,0,16,11.0,-23,Yes,L ,-15,29,29,No,New York
442,681,41,43,2017-01-16,NYK,ATL,1,8,16,0.5,0,0,,2,4,0.5,1,3,4,9,1,1,6,4,18,11.2,3,Yes,L ,-1,31,59,No,New York
443,682,42,44,2017-01-18,NYK,BOS,1,13,24,0.542,0,0,,4,4,1.0,4,6,10,5,2,2,4,3,30,24.7,-1,Yes,W ,11,32,46,No,New York
444,683,43,45,2017-01-19,NYK,WAS,1,7,16,0.438,0,0,,6,6,1.0,2,3,5,2,0,0,1,0,20,14.3,-12,Yes,L ,-3,31,34,No,New York
445,684,44,46,2017-01-21,NYK,PHO,1,12,26,0.462,0,1,0.0,2,2,1.0,3,0,3,5,0,0,0,2,26,17.4,1,Yes,L ,-2,36,5,No,New York
446,685,45,47,2017-01-23,NYK,IND,1,7,16,0.438,0,1,0.0,6,6,1.0,0,3,3,6,0,0,4,1,20,12.3,8,Yes,W ,6,40,23,No,New York
447,686,46,48,2017-01-25,NYK,DAL,1,6,15,0.4,1,1,1.0,0,0,,2,1,3,3,0,0,3,2,13,4.9,-13,Yes,L ,-8,35,4,No,New York
448,687,47,49,2017-01-27,NYK,CHO,1,5,10,0.5,0,0,,3,3,1.0,1,1,2,4,2,0,2,2,13,11.0,-14,Yes,W ,3,21,37,No,New York
449,692,52,54,2017-02-06,NYK,LAL,1,2,8,0.25,0,1,0.0,1,1,1.0,0,4,4,3,0,0,3,2,5,-0.3,-12,Yes,L ,-14,31,34,No,New York
450,693,53,55,2017-02-08,NYK,LAC,1,10,16,0.625,0,1,0.0,0,0,,2,5,7,8,1,0,3,1,20,18.9,-9,Yes,L ,-4,37,21,No,New York
451,694,54,56,2017-02-10,NYK,DEN,1,6,9,0.667,0,0,,1,1,1.0,1,2,3,4,1,0,1,0,13,13.2,-15,Yes,L ,-8,27,54,No,New York
452,695,55,57,2017-02-12,NYK,SAS,1,6,11,0.545,0,0,,6,8,0.75,0,4,4,2,0,1,3,0,18,12.2,6,Yes,W ,4,30,21,No,New York
453,696,56,58,2017-02-15,NYK,OKC,1,11,21,0.524,0,0,,3,3,1.0,1,3,4,7,2,0,3,2,25,19.4,-10,Yes,L ,-11,38,12,No,New York
454,697,57,59,2017-02-23,NYK,CLE,1,6,14,0.429,0,0,,1,1,1.0,0,2,2,4,0,0,1,1,13,7.6,-12,Yes,L ,-15,31,58,No,New York
455,698,58,60,2017-02-25,NYK,PHI,1,8,17,0.471,0,1,0.0,2,2,1.0,0,5,5,3,0,0,1,1,18,11.5,1,Yes,W ,1,36,1,No,New York
456,699,59,61,2017-02-27,NYK,TOR,1,5,12,0.417,0,1,0.0,6,6,1.0,0,6,6,4,2,0,3,3,16,12.0,8,Yes,L ,-1,40,16,No,New York
457,700,60,63,2017-03-01,NYK,ORL,1,8,14,0.571,0,1,0.0,3,5,0.6,2,6,8,4,1,0,3,1,19,15.2,17,Yes,W ,11,32,38,No,New York
458,701,61,64,2017-03-03,NYK,PHI,1,5,13,0.385,0,0,,10,13,0.769,1,3,4,5,2,0,3,0,20,15.8,6,Yes,L ,-3,38,0,No,New York
459,702,62,65,2017-03-05,NYK,GSW,1,9,18,0.5,0,1,0.0,10,11,0.909,0,1,1,4,1,0,2,4,28,19.1,-8,Yes,L ,-7,34,46,No,New York
460,703,63,66,2017-03-06,NYK,ORL,1,2,9,0.222,0,0,,8,8,1.0,0,5,5,6,0,0,2,0,12,10.2,-23,Yes,W ,8,27,14,No,New York
461,704,64,67,2017-03-08,NYK,MIL,1,13,16,0.813,0,0,,0,0,,0,1,1,6,0,0,2,0,26,22.5,4,Yes,L ,-11,38,43,No,New York
462,705,65,68,2017-03-11,NYK,DET,1,5,12,0.417,0,1,0.0,1,2,0.5,1,1,2,2,1,0,4,0,11,3.6,-11,Yes,L ,-20,26,54,No,New York
463,706,66,69,2017-03-12,NYK,BRK,1,5,15,0.333,0,0,,7,8,0.875,3,2,5,2,2,0,0,2,17,13.4,-6,Yes,L ,-8,37,9,No,New York
464,707,67,70,2017-03-14,NYK,IND,1,7,12,0.583,0,1,0.0,2,2,1.0,0,2,2,4,0,0,0,0,16,13.8,-1,Yes,W ,6,31,56,No,New York
465,708,68,71,2017-03-16,NYK,BRK,1,7,17,0.412,0,0,,8,9,0.889,0,2,2,2,0,0,2,2,22,11.7,-13,Yes,L ,-11,33,17,No,New York
466,709,69,72,2017-03-20,NYK,LAC,1,6,11,0.545,0,0,,6,6,1.0,1,3,4,5,0,0,1,1,18,16.4,-20,Yes,L ,-9,27,34,No,New York
467,710,70,73,2017-03-22,NYK,UTA,1,7,12,0.583,0,0,,3,3,1.0,0,1,1,6,0,0,3,0,17,12.9,-5,Yes,L ,-7,32,17,No,New York
468,712,72,75,2017-03-25,NYK,SAS,1,10,22,0.455,0,0,,4,4,1.0,3,2,5,5,0,0,1,0,24,17.8,2,Yes,L ,-8,36,14,No,New York
469,713,73,76,2017-03-27,NYK,DET,1,12,17,0.706,0,0,,3,3,1.0,0,4,4,6,1,0,0,0,27,26.3,13,Yes,W ,14,32,38,No,New York
470,722,0,0,2017-10-17,CLE,BOS,1,5,14,0.357,1,3,0.333,3,4,0.75,1,3,4,2,0,0,2,2,14,6.0,-7,Yes,W ,3,31,15,No,Ohio
471,723,1,1,2017-10-20,CLE,MIL,1,3,4,0.75,0,0,,6,6,1.0,1,1,2,1,2,0,1,0,12,13.1,9,Yes,W ,19,22,53,No,Ohio
472,728,6,6,2017-10-29,CLE,NYK,1,6,14,0.429,0,2,0.0,3,3,1.0,1,2,3,3,0,0,4,1,15,6.6,-22,Yes,L ,-19,31,0,No,Ohio
473,729,7,7,2017-11-01,CLE,IND,1,9,13,0.692,0,0,,1,2,0.5,1,3,4,1,0,0,2,2,19,12.6,-10,Yes,L ,-17,28,51,No,Ohio
474,730,8,8,2017-11-03,CLE,WAS,1,8,16,0.5,2,4,0.5,2,2,1.0,1,0,1,2,0,0,2,2,20,11.3,5,Yes,W ,8,28,33,No,Ohio
475,731,9,9,2017-11-05,CLE,ATL,1,4,12,0.333,0,3,0.0,2,2,1.0,2,1,3,1,0,1,4,4,10,0.7,-27,Yes,L ,-2,19,43,No,Ohio
476,732,10,10,2017-11-07,CLE,MIL,1,4,10,0.4,0,1,0.0,2,2,1.0,0,1,1,2,0,0,4,0,10,2.3,0,Yes,W ,5,25,23,No,Ohio
477,765,43,45,2018-01-18,CLE,ORL,0,3,6,0.5,0,1,0.0,3,4,0.75,1,2,3,1,0,1,2,0,9,6.3,5,Yes,W ,1,13,13,No,Ohio
478,766,44,46,2018-01-20,CLE,OKC,0,5,9,0.556,0,1,0.0,2,2,1.0,0,2,2,3,0,0,1,1,12,9.0,-1,Yes,L ,-24,21,10,No,Ohio
479,767,45,47,2018-01-23,CLE,SAS,0,1,1,1.0,0,0,,4,4,1.0,0,0,0,1,0,1,4,0,6,3.1,1,Yes,L ,-12,12,58,No,Ohio
480,768,46,48,2018-01-26,CLE,IND,0,6,8,0.75,2,3,0.667,0,0,,0,2,2,2,1,0,1,0,14,12.8,12,Yes,W ,7,15,1,No,Ohio
481,769,47,49,2018-01-28,CLE,DET,0,0,2,0.0,0,0,,2,2,1.0,0,0,0,0,0,0,0,0,2,0.6,-1,Yes,W ,17,8,36,No,Ohio
482,771,49,51,2018-01-31,CLE,MIA,0,0,2,0.0,0,1,0.0,1,2,0.5,0,0,0,0,0,0,0,0,1,-0.8,2,Yes,W ,2,5,26,No,Ohio
483,772,50,52,2018-02-03,CLE,HOU,0,3,11,0.273,1,4,0.25,3,4,0.75,1,2,3,2,0,1,1,1,10,5.1,-14,Yes,L ,-32,21,25,No,Ohio
484,773,51,53,2018-02-06,CLE,ORL,0,0,7,0.0,0,1,0.0,0,0,,1,0,1,2,0,0,0,1,0,-3.2,1,Yes,L ,-18,14,44,No,Ohio
485,774,52,54,2018-02-07,CLE,MIN,0,1,3,0.333,0,0,,1,2,0.5,0,0,0,3,0,0,0,0,3,3.0,3,Yes,W ,2,7,26,No,Ohio
486,777,55,57,2018-03-11,MIN,GSW,0,1,5,0.2,0,0,,0,0,,1,0,1,2,0,0,2,0,2,-1.0,-17,Yes,W ,6,6,36,No,Minnesota
487,778,56,58,2018-03-13,MIN,WAS,0,0,2,0.0,0,1,0.0,0,0,,0,1,1,0,1,0,0,0,0,-0.1,1,Yes,W ,5,10,33,No,Minnesota
488,779,57,59,2018-03-17,MIN,SAS,0,4,9,0.444,0,1,0.0,0,0,,1,0,1,2,1,0,0,0,8,6.4,-21,Yes,L ,-16,15,9,No,Minnesota
489,780,58,60,2018-03-18,MIN,HOU,0,6,11,0.545,0,1,0.0,2,2,1.0,1,0,1,3,0,0,1,0,14,10.5,-1,Yes,L ,-9,19,18,No,Minnesota
490,781,59,61,2018-03-20,MIN,LAC,0,4,6,0.667,0,0,,1,1,1.0,0,0,0,1,0,0,1,1,9,5.7,7,Yes,W ,14,6,32,No,Minnesota
491,788,66,69,2018-04-05,MIN,DEN,0,2,5,0.4,0,0,,0,0,,0,0,0,0,0,0,1,0,4,0.3,11,Yes,L ,-4,14,35,No,Minnesota
492,789,67,70,2018-04-06,MIN,LAL,0,0,4,0.0,0,0,,0,0,,0,0,0,0,1,0,0,0,0,-1.8,-7,Yes,W ,17,5,42,No,Minnesota
493,790,68,71,2018-04-09,MIN,MEM,0,5,10,0.5,1,2,0.5,2,2,1.0,0,1,1,3,0,0,2,0,13,8.4,11,Yes,W ,19,21,49,No,Minnesota
494,791,69,72,2018-04-11,MIN,DEN,0,1,2,0.5,0,1,0.0,0,0,,0,1,1,0,1,0,0,1,2,1.9,7,Yes,W ,6,11,23,No,Minnesota
495,792,0,0,2018-10-17,MIN,SAS,0,3,12,0.25,0,2,0.0,2,2,1.0,3,1,4,2,0,0,1,2,8,2.8,-1,Yes,L ,-4,30,31,No,Minnesota
496,793,1,1,2018-10-19,MIN,CLE,0,3,6,0.5,0,1,0.0,6,6,1.0,1,3,4,8,0,0,0,2,12,15.4,20,Yes,W ,8,23,23,No,Minnesota
497,794,2,2,2018-10-20,MIN,DAL,0,11,21,0.524,2,5,0.4,4,6,0.667,2,3,5,5,2,1,3,3,28,21.2,-10,Yes,L ,-4,32,23,No,Minnesota
498,795,3,3,2018-10-22,MIN,IND,0,4,12,0.333,0,4,0.0,3,3,1.0,0,2,2,5,1,0,1,0,11,8.3,3,Yes,W ,10,26,54,No,Minnesota
499,796,4,4,2018-10-24,MIN,TOR,0,7,16,0.438,2,3,0.667,0,0,,1,2,3,5,0,0,2,1,16,10.0,-8,Yes,L ,-7,29,43,No,Minnesota
500,797,5,5,2018-10-26,MIN,MIL,0,5,13,0.385,1,3,0.333,3,5,0.6,0,3,3,2,2,0,0,1,14,10.0,-10,Yes,L ,-30,26,43,No,Minnesota
501,798,6,6,2018-10-29,MIN,LAL,0,4,16,0.25,0,1,0.0,3,5,0.6,4,3,7,7,0,0,2,0,11,7.2,2,Yes,W ,4,29,17,No,Minnesota
502,799,7,7,2018-10-31,MIN,UTA,1,19,31,0.613,4,7,0.571,8,11,0.727,0,4,4,6,1,1,6,4,50,34.2,10,Yes,W ,3,40,51,No,Minnesota
503,800,8,8,2018-11-02,MIN,GSW,0,1,1,1.0,1,1,1.0,0,0,,0,0,0,2,0,0,0,0,3,4.1,3,Yes,L ,-17,4,43,No,Minnesota
504,802,10,10,2018-11-05,MIN,LAC,1,8,20,0.4,1,3,0.333,4,4,1.0,1,2,3,4,0,0,2,2,21,11.5,-8,Yes,L ,-11,34,56,No,Minnesota
505,803,11,11,2018-11-07,MIN,LAL,1,11,17,0.647,7,9,0.778,2,2,1.0,1,2,3,5,0,0,4,1,31,23.9,11,Yes,L ,-4,36,32,No,Minnesota
506,804,12,12,2018-11-09,MIN,SAC,1,7,16,0.438,3,6,0.5,4,4,1.0,0,6,6,5,1,0,3,4,21,14.3,9,Yes,L ,-11,34,36,No,Minnesota
507,805,13,13,2018-11-12,MIN,BRK,1,8,18,0.444,3,5,0.6,4,4,1.0,0,2,2,6,1,1,3,0,23,17.1,3,Yes,W ,7,38,56,No,Minnesota
508,807,15,15,2018-11-16,MIN,POR,0,7,13,0.538,0,1,0.0,3,4,0.75,0,7,7,6,0,0,2,0,17,14.6,11,Yes,W ,16,33,57,No,Minnesota
509,808,16,16,2018-11-18,MIN,MEM,0,6,11,0.545,2,4,0.5,4,4,1.0,0,3,3,3,1,0,2,0,18,14.7,3,Yes,L ,-13,29,49,No,Minnesota
510,809,17,17,2018-11-21,MIN,DEN,0,6,11,0.545,2,6,0.333,6,6,1.0,2,2,4,4,1,0,1,0,20,19.5,-4,Yes,L ,-2,29,25,No,Minnesota
511,810,18,18,2018-11-23,MIN,BRK,0,11,17,0.647,2,2,1.0,1,1,1.0,0,2,2,3,0,0,2,2,25,17.4,-10,Yes,W ,10,29,27,No,Minnesota
512,811,19,19,2018-11-24,MIN,CHI,0,9,13,0.692,2,4,0.5,2,2,1.0,0,2,2,4,0,1,1,1,22,19.2,18,Yes,W ,15,31,8,No,Minnesota
513,812,20,21,2018-11-26,MIN,CLE,0,6,13,0.462,0,2,0.0,0,0,,0,1,1,4,0,1,0,0,12,9.1,5,Yes,W ,7,29,11,No,Minnesota
514,813,21,22,2018-11-28,MIN,SAS,0,6,8,0.75,4,5,0.8,0,0,,0,1,1,2,0,0,0,1,16,14.1,13,Yes,W ,39,17,56,No,Minnesota
515,814,22,23,2018-12-01,MIN,BOS,0,11,18,0.611,2,3,0.667,2,2,1.0,0,0,0,4,1,0,3,1,26,18.2,-13,Yes,L ,-9,29,25,No,Minnesota
516,815,23,24,2018-12-03,MIN,HOU,0,0,4,0.0,0,1,0.0,0,0,,0,3,3,5,0,0,1,1,0,0.2,13,Yes,W ,12,25,17,No,Minnesota
517,816,24,25,2018-12-05,MIN,CHO,0,8,15,0.533,0,2,0.0,0,2,0.0,1,0,1,3,0,0,1,0,16,9.7,9,Yes,W ,17,25,31,No,Minnesota
518,817,25,26,2018-12-08,MIN,POR,1,9,25,0.36,0,1,0.0,0,0,,2,1,3,9,3,1,2,4,18,12.2,-12,Yes,L ,-8,37,17,No,Minnesota
519,818,26,27,2018-12-10,MIN,GSW,0,8,18,0.444,2,3,0.667,3,3,1.0,1,2,3,4,2,2,3,0,21,16.1,0,Yes,L ,-8,34,3,No,Minnesota
520,819,27,28,2018-12-12,MIN,SAC,0,8,13,0.615,1,2,0.5,3,4,0.75,0,1,1,4,0,0,1,2,20,15.0,-8,Yes,L ,-11,22,6,No,Minnesota
521,820,28,29,2018-12-15,MIN,PHO,0,11,16,0.688,2,3,0.667,1,1,1.0,0,1,1,1,2,0,2,0,25,19.2,-2,Yes,L ,-8,32,46,No,Minnesota
522,821,29,30,2018-12-17,MIN,SAC,1,3,12,0.25,1,3,0.333,6,8,0.75,1,1,2,11,0,0,2,2,13,10.9,-3,Yes,W ,27,24,26,No,Minnesota
523,822,30,31,2018-12-19,MIN,DET,1,14,29,0.483,1,4,0.25,4,4,1.0,0,3,3,7,1,0,2,3,33,21.9,-13,Yes,L ,-6,38,13,No,Minnesota
524,823,31,32,2018-12-21,MIN,SAS,1,1,8,0.125,0,0,,2,2,1.0,0,2,2,1,0,1,1,0,4,-0.2,-7,Yes,L ,-26,15,53,No,Minnesota
525,825,33,34,2018-12-26,MIN,CHI,1,11,19,0.579,1,5,0.2,1,1,1.0,0,3,3,8,2,0,2,0,24,21.6,19,Yes,W ,25,38,11,No,Minnesota
526,826,34,35,2018-12-28,MIN,ATL,1,10,24,0.417,3,5,0.6,2,3,0.667,1,2,3,9,2,0,2,3,25,18.2,3,Yes,L ,-3,38,46,No,Minnesota
527,833,41,43,2019-01-11,MIN,DAL,0,8,16,0.5,3,5,0.6,2,2,1.0,0,3,3,5,0,1,2,0,21,16.1,1,Yes,L ,-4,27,30,No,Minnesota
528,835,43,45,2019-01-15,MIN,PHI,0,6,13,0.462,1,5,0.2,2,2,1.0,1,1,2,4,0,0,0,1,15,11.7,-24,Yes,L ,-42,21,35,No,Minnesota
529,836,44,46,2019-01-18,MIN,SAS,0,6,16,0.375,0,3,0.0,11,11,1.0,1,2,3,6,0,0,1,2,23,17.9,-4,Yes,L ,-3,26,41,No,Minnesota
530,837,45,47,2019-01-20,MIN,PHO,0,12,24,0.5,0,4,0.0,7,9,0.778,0,4,4,3,0,0,1,1,31,20.1,1,Yes,W ,2,37,36,No,Minnesota
531,838,46,48,2019-01-22,MIN,PHO,1,3,9,0.333,0,3,0.0,0,0,,1,0,1,5,1,0,1,0,6,5.1,17,Yes,W ,27,23,14,No,Minnesota
532,839,47,49,2019-01-24,MIN,LAL,1,3,7,0.429,0,1,0.0,0,0,,1,2,3,3,0,0,2,0,6,3.7,-2,Yes,W ,15,12,11,No,Minnesota
533,843,51,53,2019-02-02,MIN,DEN,0,4,10,0.4,0,2,0.0,0,0,,0,2,2,5,1,0,1,0,8,6.7,-2,Yes,L ,-1,20,25,No,Minnesota
534,847,55,57,2019-02-11,MIN,LAC,0,9,18,0.5,0,2,0.0,4,5,0.8,0,1,1,6,1,1,1,0,22,17.8,2,Yes,W ,10,24,35,No,Minnesota
535,848,56,58,2019-02-13,MIN,HOU,0,5,13,0.385,0,1,0.0,2,2,1.0,1,2,3,4,0,0,2,1,12,6.6,7,Yes,W ,10,22,45,No,Minnesota
536,849,57,59,2019-02-22,MIN,NYK,0,6,14,0.429,0,2,0.0,8,8,1.0,1,1,2,3,3,0,3,2,20,14.9,2,Yes,W ,11,23,22,No,Minnesota
537,850,58,60,2019-02-23,MIN,MIL,0,10,15,0.667,0,2,0.0,3,3,1.0,0,2,2,4,0,0,2,0,23,17.9,15,Yes,L ,-12,23,11,No,Minnesota
538,851,59,61,2019-02-25,MIN,SAC,0,8,17,0.471,1,3,0.333,3,5,0.6,1,4,5,1,0,0,4,1,20,8.7,-6,Yes,W ,7,24,56,No,Minnesota
539,852,60,63,2019-02-27,MIN,ATL,0,7,17,0.412,0,0,,4,5,0.8,1,5,6,6,0,0,0,2,18,14.1,8,Yes,L ,-8,26,31,No,Minnesota
540,853,61,64,2019-02-28,MIN,IND,0,5,10,0.5,0,2,0.0,0,0,,0,1,1,0,0,1,0,1,10,5.6,-13,Yes,L ,-7,23,32,No,Minnesota
541,854,62,65,2019-03-03,MIN,WAS,0,8,17,0.471,0,1,0.0,2,2,1.0,1,1,2,3,0,0,1,1,18,11.0,-7,Yes,L ,-14,24,19,No,Minnesota
542,855,63,66,2019-03-05,MIN,OKC,0,8,14,0.571,0,1,0.0,3,3,1.0,1,3,4,2,0,0,1,2,19,13.6,-4,Yes,W ,11,19,47,No,Minnesota
543,856,64,67,2019-03-06,MIN,DET,0,4,9,0.444,0,1,0.0,0,0,,0,1,1,2,0,0,0,2,8,4.2,-12,Yes,L ,-17,19,23,No,Minnesota
544,857,65,68,2019-03-09,MIN,WAS,0,13,23,0.565,0,2,0.0,3,4,0.75,1,2,3,3,1,0,2,1,29,19.7,10,Yes,W ,5,30,24,No,Minnesota
545,858,66,69,2019-03-10,MIN,NYK,0,2,5,0.4,0,0,,0,0,,1,0,1,1,1,0,1,0,4,2.7,1,Yes,W ,11,7,58,No,Minnesota
546,874,0,0,2019-10-23,DET,IND,0,6,11,0.545,0,0,,6,7,0.857,1,2,3,9,0,0,4,1,18,15.5,5,Yes,W ,9,26,35,No,Michigan
547,875,1,1,2019-10-24,DET,ATL,0,11,16,0.688,0,1,0.0,5,5,1.0,0,1,1,3,0,0,3,1,27,19.2,-8,Yes,L ,-17,25,16,No,Michigan
548,876,2,2,2019-10-26,DET,PHI,0,14,21,0.667,1,1,1.0,2,2,1.0,0,3,3,3,3,2,6,2,31,22.5,-3,Yes,L ,-6,26,44,No,Michigan
549,877,3,3,2019-10-28,DET,IND,0,4,16,0.25,0,0,,2,2,1.0,1,0,1,6,0,0,4,2,10,0.5,-1,Yes,W ,2,26,4,No,Michigan
550,878,4,4,2019-10-30,DET,TOR,0,7,12,0.583,0,2,0.0,2,2,1.0,0,0,0,10,0,0,2,0,16,15.4,1,Yes,L ,-12,20,32,No,Michigan
551,879,5,5,2019-11-01,DET,CHI,0,8,13,0.615,0,0,,7,9,0.778,0,1,1,7,3,1,4,2,23,20.4,6,Yes,L ,-6,24,40,No,Michigan
552,884,10,10,2019-11-11,DET,MIN,1,3,13,0.231,0,2,0.0,0,0,,1,2,3,5,2,1,0,0,6,5.6,1,Yes,L ,-6,19,54,No,Michigan
553,886,12,12,2019-11-15,DET,CHO,0,6,7,0.857,2,2,1.0,2,2,1.0,0,2,2,3,0,0,6,2,16,9.4,-3,Yes,L ,-3,26,2,No,Michigan
554,887,13,13,2019-11-20,DET,CHI,0,5,11,0.455,0,2,0.0,8,9,0.889,1,2,3,2,1,0,3,2,18,11.8,5,Yes,L ,-20,24,26,No,Michigan
555,888,14,14,2019-11-22,DET,ATL,0,4,6,0.667,3,4,0.75,0,0,,0,1,1,2,1,1,1,0,11,10.8,22,Yes,W ,25,17,38,No,Michigan
556,889,15,15,2019-11-23,DET,MIL,0,8,17,0.471,2,5,0.4,2,2,1.0,0,3,3,6,1,0,3,1,20,14.0,5,Yes,L ,-14,26,11,No,Michigan
557,890,16,16,2019-11-25,DET,ORL,0,1,11,0.091,0,4,0.0,0,0,,1,1,2,6,0,1,1,3,2,-1.6,6,Yes,W ,15,20,0,No,Michigan
558,891,17,17,2019-11-27,DET,CHO,0,6,15,0.4,1,4,0.25,0,0,,1,0,1,8,0,0,1,1,13,9.8,4,Yes,L ,-1,25,15,No,Michigan
559,892,18,18,2019-11-29,DET,CHO,0,8,12,0.667,3,4,0.75,4,6,0.667,0,2,2,4,0,0,1,1,23,19.0,-3,Yes,L ,-3,21,52,No,Michigan
560,893,19,19,2019-12-01,DET,SAS,0,3,8,0.375,1,3,0.333,3,3,1.0,0,0,0,10,2,1,3,0,10,12.3,16,Yes,W ,34,18,53,No,Michigan
561,894,20,21,2019-12-03,DET,CLE,0,6,12,0.5,0,2,0.0,0,1,0.0,0,2,2,9,0,0,0,2,12,11.7,23,Yes,W ,33,21,45,No,Michigan
562,895,21,22,2019-12-04,DET,MIL,0,6,15,0.4,0,3,0.0,2,2,1.0,0,2,2,5,1,0,1,0,14,10.0,-8,Yes,L ,-24,25,19,No,Michigan
563,896,22,23,2019-12-06,DET,IND,0,7,17,0.412,0,1,0.0,0,0,,2,4,6,5,1,0,2,0,14,10.0,-3,Yes,W ,7,25,43,No,Michigan
564,897,23,24,2019-12-09,DET,NOP,0,9,17,0.529,1,3,0.333,2,2,1.0,1,1,2,7,0,0,2,1,21,16.2,2,Yes,W ,2,28,22,No,Michigan
565,898,24,25,2019-12-12,DET,DAL,0,7,16,0.438,5,10,0.5,0,0,,0,0,0,4,2,0,3,0,19,12.4,-17,Yes,L ,-11,25,46,No,Michigan
566,899,25,26,2019-12-14,DET,HOU,0,10,21,0.476,0,4,0.0,0,0,,2,2,4,12,0,0,2,2,20,16.9,-6,Yes,W ,8,26,57,No,Michigan
567,900,26,27,2019-12-16,DET,WAS,0,8,17,0.471,2,5,0.4,4,4,1.0,2,4,6,8,1,0,3,1,22,19.1,-13,Yes,L ,-14,28,33,No,Michigan
568,901,27,28,2019-12-18,DET,TOR,0,8,17,0.471,0,4,0.0,0,1,0.0,0,4,4,5,0,1,1,0,16,11.3,-9,Yes,L ,-13,28,22,No,Michigan
569,902,28,29,2019-12-20,DET,BOS,0,6,12,0.5,0,1,0.0,2,2,1.0,0,0,0,4,0,0,3,0,14,7.8,-26,Yes,L ,-21,23,34,No,Michigan
570,904,30,31,2019-12-23,DET,PHI,0,7,14,0.5,0,4,0.0,2,2,1.0,0,3,3,7,2,1,2,0,16,15.5,-3,Yes,L ,-16,25,17,No,Michigan
571,905,31,32,2019-12-26,DET,WAS,0,6,11,0.545,3,6,0.5,0,0,,2,0,2,6,1,0,2,1,15,13.9,9,Yes,W ,30,21,5,No,Michigan
572,906,32,33,2019-12-28,DET,SAS,0,10,17,0.588,2,4,0.5,2,2,1.0,0,3,3,4,4,0,4,0,24,19.8,-11,Yes,L ,-27,27,19,No,Michigan
573,907,33,34,2019-12-30,DET,UTA,0,8,17,0.471,1,2,0.5,3,6,0.5,0,0,0,4,1,1,2,1,20,12.2,1,Yes,L ,-23,26,16,No,Michigan
574,908,34,35,2020-01-02,DET,LAC,0,5,15,0.333,0,2,0.0,4,4,1.0,0,2,2,6,0,0,1,1,14,8.9,-6,Yes,L ,-14,27,0,No,Michigan
575,909,35,36,2020-01-04,DET,GSW,0,10,16,0.625,1,4,0.25,1,1,1.0,0,2,2,2,1,0,4,1,22,13.4,4,Yes,W ,7,28,13,No,Michigan
576,910,36,37,2020-01-05,DET,LAL,0,8,19,0.421,2,3,0.667,10,10,1.0,1,2,3,5,1,1,2,3,28,21.2,-3,Yes,L ,-7,28,53,No,Michigan
577,911,37,38,2020-01-07,DET,CLE,0,9,21,0.429,2,5,0.4,4,4,1.0,0,3,3,7,1,0,4,2,24,14.9,5,Yes,W ,2,30,32,No,Michigan
578,912,38,39,2020-01-09,DET,CLE,0,13,24,0.542,0,2,0.0,1,1,1.0,4,3,7,5,0,0,6,3,27,15.4,1,Yes,L ,-3,35,42,No,Michigan
579,913,39,40,2020-01-11,DET,CHI,0,7,11,0.636,2,3,0.667,4,4,1.0,0,2,2,7,0,0,4,1,20,16.2,-1,Yes,L ,-9,29,0,No,Michigan
580,914,40,42,2020-01-13,DET,NOP,0,10,23,0.435,0,3,0.0,3,4,0.75,0,4,4,8,0,1,3,1,23,14.6,2,Yes,L ,-7,36,31,No,Michigan
581,915,41,43,2020-01-15,DET,BOS,1,11,13,0.846,0,2,0.0,0,0,,0,2,2,6,0,1,3,0,22,19.8,12,Yes,W ,13,28,44,No,Michigan
582,916,42,44,2020-01-18,DET,ATL,1,12,17,0.706,1,3,0.333,2,2,1.0,0,2,2,9,1,0,1,1,27,26.4,24,Yes,W ,33,26,19,No,Michigan
583,917,43,45,2020-01-20,DET,WAS,1,8,21,0.381,1,5,0.2,4,6,0.667,0,4,4,2,2,0,2,1,21,10.9,-6,Yes,L ,-6,34,17,No,Michigan
584,918,44,46,2020-01-22,DET,SAC,1,8,17,0.471,0,1,0.0,6,7,0.857,0,6,6,11,0,0,1,4,22,19.8,0,Yes,W ,21,30,7,No,Michigan
585,919,45,47,2020-01-24,DET,MEM,1,10,21,0.476,0,2,0.0,2,3,0.667,2,1,3,8,1,0,3,1,22,15.8,-18,Yes,L ,-13,33,10,No,Michigan
586,920,46,48,2020-01-25,DET,BRK,1,10,22,0.455,2,4,0.5,5,5,1.0,1,3,4,6,2,0,1,1,27,22.0,-10,Yes,L ,-10,36,59,No,Michigan
587,922,48,50,2020-01-29,DET,BRK,1,9,15,0.6,1,2,0.5,3,3,1.0,0,6,6,5,0,0,2,0,22,18.4,-10,Yes,L ,-10,30,47,No,Michigan
588,923,49,51,2020-01-31,DET,TOR,1,9,16,0.563,2,5,0.4,1,1,1.0,0,0,0,3,0,0,1,0,21,14.5,-12,Yes,L ,-13,29,50,No,Michigan
589,924,50,52,2020-02-02,DET,DEN,1,1,3,0.333,0,1,0.0,0,2,0.0,1,0,1,2,0,0,1,0,2,0.6,-4,Yes,W ,5,12,52,No,Michigan
590,930,56,58,2020-02-12,DET,ORL,0,1,13,0.077,0,4,0.0,0,0,,0,0,0,4,1,1,3,0,2,-5.2,-16,Yes,L ,-4,17,2,No,Michigan
591,931,57,59,2020-02-20,DET,MIL,1,6,15,0.4,0,3,0.0,0,0,,0,0,0,4,0,1,2,0,12,5.4,-12,Yes,L ,-20,23,7,No,Michigan
592,932,58,60,2020-02-23,DET,POR,1,6,16,0.375,1,4,0.25,2,2,1.0,0,2,2,3,0,0,5,0,15,3.9,-19,Yes,L ,-3,27,40,No,Michigan
593,933,59,61,2020-02-25,DET,DEN,1,6,14,0.429,1,3,0.333,7,7,1.0,1,1,2,5,2,0,4,2,20,14.3,-12,Yes,L ,-17,27,1,No,Michigan
594,934,60,63,2020-02-28,DET,PHO,1,15,24,0.625,1,2,0.5,0,0,,2,1,3,4,2,1,3,0,31,24.4,-6,Yes,W ,2,30,8,No,Michigan
595,935,61,64,2020-03-01,DET,SAC,1,3,5,0.6,1,1,1.0,2,2,1.0,0,3,3,2,0,0,1,1,9,7.6,11,Yes,L ,-6,9,23,No,Michigan
596,940,0,0,2020-12-23,DET,MIN,0,7,13,0.538,1,3,0.333,0,2,0.0,0,1,1,6,2,1,1,1,15,13.7,-7,Yes,L ,-10,26,48,No,Michigan
597,941,1,1,2020-12-26,DET,CLE,0,4,15,0.267,1,2,0.5,4,6,0.667,1,3,4,4,0,0,6,1,13,1.3,-3,Yes,L ,-9,33,7,No,Michigan
598,943,3,3,2020-12-29,DET,GSW,0,6,18,0.333,1,4,0.25,2,2,1.0,1,1,2,7,2,0,2,4,15,9.1,8,Yes,L ,-10,26,26,No,Michigan
599,944,4,4,2021-01-01,DET,BOS,0,7,12,0.583,0,3,0.0,3,4,0.75,0,5,5,4,2,0,4,2,17,12.5,4,Yes,W ,3,24,11,No,Michigan
600,945,5,5,2021-01-03,DET,BOS,0,4,12,0.333,1,3,0.333,4,4,1.0,1,0,1,8,0,1,4,0,13,9.2,6,Yes,L ,-2,23,29,No,Michigan
601,946,6,6,2021-01-04,DET,MIL,0,9,18,0.5,2,4,0.5,4,4,1.0,0,2,2,8,1,0,0,1,24,21.8,4,Yes,L ,-10,24,38,No,Michigan
602,947,7,7,2021-01-06,DET,MIL,0,3,7,0.429,0,1,0.0,4,4,1.0,0,1,1,1,0,0,0,1,10,6.9,-6,Yes,L ,-15,11,3,No,Michigan
603,948,8,8,2021-01-08,DET,PHO,0,1,7,0.143,0,1,0.0,2,2,1.0,0,0,0,5,1,1,2,1,4,2.3,-13,Yes,W ,5,19,25,No,Michigan
604,951,11,11,2021-01-16,DET,MIA,0,8,12,0.667,3,5,0.6,4,5,0.8,0,1,1,4,4,0,1,2,23,22.7,2,Yes,W ,20,21,18,No,Michigan
605,952,12,12,2021-01-18,DET,MIA,0,6,11,0.545,1,4,0.25,8,9,0.889,0,3,3,4,2,0,3,1,21,17.6,-6,Yes,L ,-6,26,34,No,Michigan
606,953,13,13,2021-01-20,DET,ATL,0,7,15,0.467,0,1,0.0,0,0,,0,1,1,1,1,1,1,2,14,7.2,-14,Yes,L ,-8,28,30,No,Michigan
607,954,14,14,2021-01-22,DET,HOU,0,3,11,0.273,1,2,0.5,2,2,1.0,1,4,5,3,0,0,1,1,9,5.1,-11,Yes,L ,-1,19,33,No,Michigan
608,957,17,17,2021-01-27,DET,CLE,0,5,10,0.5,2,3,0.667,1,2,0.5,0,0,0,3,0,0,2,0,13,7.7,-28,Yes,L ,-15,19,7,No,Michigan
609,958,18,18,2021-01-28,DET,LAL,0,6,12,0.5,0,2,0.0,2,2,1.0,0,1,1,3,2,0,2,0,14,10.4,-6,Yes,W ,15,20,21,No,Michigan
610,959,19,19,2021-01-30,DET,GSW,0,3,11,0.273,0,1,0.0,2,2,1.0,2,0,2,2,1,0,0,0,8,5.3,-1,Yes,L ,-27,17,3,No,Michigan
611,963,23,24,2021-02-09,NYK,MIA,0,5,9,0.556,2,3,0.667,2,2,1.0,0,1,1,3,1,1,2,0,14,11.8,6,Yes,L ,-2,20,20,No,New York
612,964,24,25,2021-02-12,NYK,WAS,0,7,11,0.636,0,1,0.0,0,0,,0,3,3,6,4,0,2,0,14,16.2,18,Yes,W ,18,19,58,No,New York
613,965,25,26,2021-02-13,NYK,HOU,0,5,11,0.455,1,3,0.333,5,7,0.714,0,1,1,3,0,0,1,0,16,10.9,18,Yes,W ,22,22,32,No,New York
614,966,26,27,2021-02-15,NYK,ATL,0,3,9,0.333,0,1,0.0,2,2,1.0,0,3,3,3,0,2,2,4,8,3.7,8,Yes,W ,11,23,37,No,New York
615,967,27,28,2021-02-17,NYK,ORL,0,1,10,0.1,0,1,0.0,2,2,1.0,1,5,6,2,0,0,1,0,4,0.0,-15,Yes,L ,-18,16,33,No,New York
616,968,28,29,2021-02-21,NYK,MIN,0,1,8,0.125,0,1,0.0,2,2,1.0,0,1,1,2,1,0,1,1,4,0.1,-12,Yes,W ,4,18,44,No,New York
617,969,29,30,2021-02-23,NYK,GSW,0,6,15,0.4,2,4,0.5,2,2,1.0,0,4,4,8,1,1,1,1,16,15.0,12,Yes,L ,-8,27,10,No,New York
618,970,30,31,2021-02-25,NYK,SAC,1,7,11,0.636,2,2,1.0,2,2,1.0,0,3,3,6,0,0,3,2,18,14.4,4,Yes,W ,19,27,35,No,New York
619,971,31,32,2021-02-27,NYK,IND,1,6,11,0.545,1,3,0.333,4,4,1.0,0,1,1,11,4,0,4,2,17,18.9,11,Yes,W ,3,37,42,No,New York
620,972,32,33,2021-02-28,NYK,DET,1,6,14,0.429,2,3,0.667,0,1,0.0,0,3,3,5,0,2,2,2,14,9.2,17,Yes,W ,19,32,9,No,New York
621,983,43,45,2021-03-27,NYK,MIL,0,6,15,0.4,1,5,0.2,0,0,,0,1,1,1,2,1,1,1,13,7.2,7,Yes,W ,6,29,6,No,New York
622,984,44,46,2021-03-29,NYK,MIA,0,6,13,0.462,3,5,0.6,1,2,0.5,0,2,2,2,0,1,1,1,16,10.2,-2,Yes,L ,-10,26,19,No,New York
623,986,46,48,2021-04-02,NYK,DAL,0,1,10,0.1,0,2,0.0,0,0,,3,2,5,4,0,0,0,0,2,0.9,3,Yes,L ,-13,25,24,No,New York
624,987,47,49,2021-04-03,NYK,DET,0,3,6,0.5,0,3,0.0,1,2,0.5,0,2,2,2,2,0,0,0,7,7.6,18,Yes,W ,44,20,34,No,New York
625,988,48,50,2021-04-05,NYK,BRK,0,6,14,0.429,2,4,0.5,2,3,0.667,0,1,1,3,1,0,0,1,16,11.2,-8,Yes,L ,-2,25,25,No,New York
626,989,49,51,2021-04-07,NYK,BOS,0,4,10,0.4,1,1,1.0,2,2,1.0,0,0,0,3,0,0,0,0,11,7.7,6,Yes,L ,-2,26,33,No,New York
627,990,50,52,2021-04-09,NYK,MEM,0,8,17,0.471,0,4,0.0,3,3,1.0,2,2,4,3,1,2,2,1,19,14.4,2,Yes,W ,4,26,17,No,New York
628,991,51,53,2021-04-11,NYK,TOR,0,4,10,0.4,0,1,0.0,3,3,1.0,0,1,1,2,0,0,3,2,11,3.5,-7,Yes,W ,6,23,17,No,New York
629,992,52,54,2021-04-12,NYK,LAL,0,5,9,0.556,0,0,,4,4,1.0,1,2,3,2,0,1,1,1,14,11.7,-10,Yes,W ,15,19,50,No,New York
630,993,53,55,2021-04-14,NYK,NOP,0,5,14,0.357,1,4,0.25,0,0,,1,3,4,4,2,1,0,0,11,10.3,14,Yes,W ,10,28,4,No,New York
631,994,54,56,2021-04-16,NYK,DAL,0,7,13,0.538,1,2,0.5,0,0,,0,1,1,5,1,0,0,1,15,13.1,14,Yes,W ,8,24,45,No,New York
632,995,55,57,2021-04-18,NYK,NOP,0,9,17,0.529,2,4,0.5,3,4,0.75,0,3,3,5,1,1,2,1,23,18.0,22,Yes,W ,10,35,13,No,New York
633,996,56,58,2021-04-20,NYK,CHO,0,8,12,0.667,1,4,0.25,0,0,,0,1,1,5,0,0,0,1,17,15.2,2,Yes,W ,12,25,15,No,New York
634,997,57,59,2021-04-21,NYK,ATL,0,8,12,0.667,1,1,1.0,3,4,0.75,0,4,4,3,1,0,2,6,20,14.3,14,Yes,W ,10,30,17,No,New York
635,998,58,60,2021-04-24,NYK,TOR,0,7,10,0.7,0,1,0.0,5,6,0.833,0,4,4,7,2,0,1,2,19,20.7,26,Yes,W ,17,33,16,No,New York
636,999,59,61,2021-04-26,NYK,PHO,0,10,18,0.556,0,1,0.0,2,2,1.0,1,5,6,6,0,0,2,2,22,17.0,-14,Yes,L ,-8,33,13,No,New York
637,1000,60,63,2021-04-28,NYK,CHI,0,2,11,0.182,0,1,0.0,2,2,1.0,0,1,1,6,1,1,0,0,6,5.3,4,Yes,W ,19,25,0,No,New York
638,1001,61,64,2021-05-02,NYK,HOU,0,8,11,0.727,4,5,0.8,4,4,1.0,1,5,6,4,1,0,1,0,24,24.5,35,Yes,W ,25,31,1,No,New York
639,1002,62,65,2021-05-03,NYK,MEM,0,11,15,0.733,3,5,0.6,0,0,,0,2,2,2,1,0,1,1,25,20.5,16,Yes,W ,14,26,37,No,New York
640,1003,63,66,2021-05-05,NYK,DEN,0,6,10,0.6,2,3,0.667,0,0,,0,2,2,3,0,0,2,2,14,9.3,-10,Yes,L ,-16,26,48,No,New York
641,1004,64,67,2021-05-07,NYK,PHO,0,7,14,0.5,1,3,0.333,2,2,1.0,0,4,4,6,0,0,1,1,17,14.0,0,Yes,L ,-23,29,6,No,New York
642,1005,65,68,2021-05-09,NYK,LAC,0,11,17,0.647,2,3,0.667,1,1,1.0,0,6,6,8,1,0,4,1,25,21.5,7,Yes,W ,6,32,26,No,New York
643,1006,66,69,2021-05-11,NYK,LAL,0,10,22,0.455,1,4,0.25,6,6,1.0,1,5,6,6,3,1,3,0,27,22.7,6,Yes,L ,-2,38,50,No,New York
644,1008,68,71,2021-05-15,NYK,CHO,0,6,9,0.667,1,2,0.5,2,2,1.0,1,0,1,3,0,0,2,1,15,11.5,-8,Yes,W ,9,25,4,No,New York
645,1009,69,72,2021-05-16,NYK,BOS,0,3,9,0.333,0,0,,1,1,1.0,2,3,5,2,0,0,1,1,7,4.2,0,Yes,W ,4,23,19,No,New York
646,1010,0,0,2021-10-20,NYK,BOS,0,3,11,0.273,1,3,0.333,2,2,1.0,0,4,4,5,2,1,2,0,9,7.9,7,Yes,W ,4,22,28,No,New York
647,1011,1,1,2021-10-22,NYK,ORL,0,4,8,0.5,4,6,0.667,0,0,,0,0,0,7,0,0,0,1,12,12.5,34,Yes,W ,25,23,34,No,New York
648,1012,2,2,2021-10-24,NYK,ORL,0,9,16,0.563,5,8,0.625,0,1,0.0,3,2,5,3,2,0,2,0,23,19.8,8,Yes,L ,-6,28,38,No,New York
649,1013,3,3,2021-10-26,NYK,PHI,0,4,7,0.571,1,2,0.5,4,4,1.0,2,1,3,1,1,1,2,1,13,11.4,10,Yes,W ,13,19,50,No,New York
650,1014,4,4,2021-10-28,NYK,CHI,0,5,10,0.5,1,3,0.333,1,1,1.0,0,4,4,1,0,0,2,1,12,6.5,1,Yes,W ,1,18,35,No,New York
651,1015,5,5,2021-10-30,NYK,NOP,0,2,6,0.333,1,2,0.5,0,0,,0,1,1,1,0,0,1,0,5,1.6,-1,Yes,W ,6,15,25,No,New York
652,1016,6,6,2021-11-01,NYK,TOR,0,2,8,0.25,0,2,0.0,0,0,,0,1,1,1,1,0,2,1,4,-1.2,7,Yes,L ,-9,19,36,No,New York
653,1017,7,7,2021-11-03,NYK,IND,0,5,11,0.455,0,1,0.0,3,3,1.0,1,1,2,3,1,1,2,1,13,9.7,-2,Yes,L ,-13,19,47,No,New York
654,1018,8,8,2021-11-05,NYK,MIL,0,10,18,0.556,2,6,0.333,1,1,1.0,2,6,8,4,2,0,0,0,23,22.4,31,Yes,W ,15,30,25,No,New York
655,1019,9,9,2021-11-07,NYK,CLE,1,8,14,0.571,1,2,0.5,0,0,,0,1,1,5,1,0,0,0,17,15.2,-20,Yes,L ,-17,28,58,No,New York
656,1020,10,10,2021-11-08,NYK,PHI,0,2,8,0.25,0,2,0.0,2,2,1.0,1,3,4,2,1,0,3,0,6,2.2,10,Yes,W ,7,20,44,No,New York
657,1021,11,11,2021-11-10,NYK,MIL,0,8,15,0.533,6,8,0.75,0,0,,1,2,3,7,3,1,0,0,22,24.6,10,Yes,L ,-12,29,47,No,New York
658,1022,12,12,2021-11-12,NYK,CHO,0,3,6,0.5,1,3,0.333,1,1,1.0,0,1,1,2,0,0,1,0,8,5.7,15,Yes,L ,-8,17,24,No,New York
659,1023,13,13,2021-11-15,NYK,IND,0,7,14,0.5,0,4,0.0,0,0,,1,4,5,7,0,0,1,0,14,12.8,21,Yes,W ,8,24,33,No,New York
660,1024,14,14,2021-11-17,NYK,ORL,0,4,9,0.444,2,6,0.333,0,0,,0,2,2,1,1,2,5,0,10,4.0,-11,Yes,L ,-6,19,1,No,New York
661,1025,15,15,2021-11-20,NYK,HOU,0,2,8,0.25,0,2,0.0,0,0,,0,1,1,4,1,2,1,1,4,3.3,-5,Yes,W ,7,20,56,No,New York
662,1026,16,16,2021-11-21,NYK,CHI,0,3,11,0.273,1,2,0.5,2,2,1.0,1,1,2,3,1,3,0,4,9,7.1,-2,Yes,L ,-6,30,2,No,New York
663,1030,20,21,2021-11-30,NYK,BRK,0,6,13,0.462,2,6,0.333,2,2,1.0,1,4,5,9,0,0,0,3,16,16.3,11,Yes,L ,-2,34,41,No,New York
664,1031,21,22,2021-12-02,NYK,CHI,0,4,6,0.667,0,1,0.0,8,8,1.0,0,2,2,6,0,1,3,0,16,15.9,-14,Yes,L ,-4,26,19,No,New York
665,1032,22,23,2021-12-04,NYK,DEN,0,5,10,0.5,1,5,0.2,0,0,,2,2,4,4,0,0,4,0,11,6.8,-2,Yes,L ,-14,23,50,No,New York
666,1033,23,24,2021-12-07,NYK,SAS,0,4,11,0.364,2,2,1.0,2,2,1.0,1,1,2,2,1,0,1,0,12,8.3,8,Yes,W ,12,21,40,No,New York
667,1034,24,25,2021-12-08,NYK,IND,0,4,10,0.4,0,2,0.0,0,0,,2,3,5,7,0,0,0,0,8,9.8,-9,Yes,L ,-20,23,37,No,New York
668,1035,25,26,2021-12-10,NYK,TOR,0,5,13,0.385,1,3,0.333,0,0,,2,4,6,4,0,0,3,0,11,6.3,8,Yes,L ,-3,33,1,No,New York
669,1036,26,27,2021-12-12,NYK,MIL,1,8,16,0.5,2,6,0.333,0,0,,0,2,2,7,3,0,2,0,18,16.5,-7,Yes,L ,-15,36,31,No,New York
670,1037,27,28,2021-12-14,NYK,GSW,1,5,13,0.385,3,4,0.75,2,2,1.0,0,4,4,6,1,0,2,2,15,11.5,-10,Yes,L ,-9,34,17,No,New York
671,1038,28,29,2021-12-16,NYK,HOU,1,0,2,0.0,0,1,0.0,0,0,,1,0,1,1,0,0,0,0,0,0.0,-6,Yes,W ,13,12,11,No,New York
