Date,Tm,Opp,FG,FGA,FG%,3P,3PA,3P%,FT,FTA,FT%,ORB,DRB,TRB,AST,STL,BLK,TOV,PF,PTS,GmSc,+/-,Game Played,Match Result,Points,Minutes Played,Seconds Played
28-10-2008,CHI,MIL,3,9,0.333,0,0,,5,7,0.714,1,3,4,9,3,0,4,2,11,11.2,7,Yes,W ,13,32,12
31-10-2008,CHI,BOS,6,14,0.429,0,0,,6,6,1,2,2,4,1,1,0,3,4,18,9.7,-15,Yes,L ,-16,28,17
01-11-2008,CHI,MEM,11,20,0.55,0,1,0,4,4,1,2,4,6,3,0,0,2,0,26,19.1,8,Yes,W ,10,37,9
03-11-2008,CHI,ORL,7,16,0.438,0,0,,0,0,,0,4,4,1,0,0,3,3,14,3.3,-8,Yes,L ,-3,38,58
05-11-2008,CHI,CLE,7,16,0.438,1,3,0.333,5,6,0.833,0,0,0,7,1,0,3,1,20,13.7,-18,Yes,L ,-14,39,27
07-11-2008,CHI,PHO,8,11,0.727,1,2,0.5,1,2,0.5,0,4,4,6,2,0,3,1,18,17.1,11,Yes,W ,17,40,29
08-11-2008,CHI,CLE,7,21,0.333,0,2,0,3,4,0.75,3,2,5,9,1,0,3,2,17,10.9,-12,Yes,L ,-9,44,1
11-11-2008,CHI,ATL,9,17,0.529,0,0,,8,9,0.889,5,5,10,6,0,0,3,0,26,23.5,-11,Yes,L ,-5,42,29
13-11-2008,CHI,DAL,7,17,0.412,0,1,0,2,4,0.5,2,7,9,6,1,0,0,1,16,14.4,6,Yes,W ,7,41,52
15-11-2008,CHI,IND,8,15,0.533,3,5,0.6,4,4,1,0,4,4,8,3,1,1,0,23,25.2,20,Yes,W ,13,40,24
18-11-2008,CHI,LAL,11,18,0.611,1,2,0.5,2,2,1,0,3,3,9,0,0,2,1,25,21.6,-20,Yes,L ,-7,35,41
19-11-2008,CHI,POR,1,8,0.125,0,1,0,4,4,1,0,0,0,1,1,0,3,1,6,-0.9,-32,Yes,L ,-42,29,47
21-11-2008,CHI,GSW,12,19,0.632,0,1,0,1,1,1,0,3,3,5,2,0,5,4,25,16.3,1,Yes,W ,5,36,9
23-11-2008,CHI,DEN,7,16,0.438,0,0,,1,2,0.5,1,1,2,6,0,2,4,3,15,7.6,-14,Yes,L ,-13,43,38
24-11-2008,CHI,UTA,10,18,0.556,1,1,1,4,4,1,0,1,1,9,1,0,3,0,25,21,-11,Yes,W ,1,34,39
26-11-2008,CHI,SAS,5,11,0.455,0,0,,0,0,,1,5,6,6,0,0,2,2,10,7.9,-2,Yes,L ,-10,39,56
30-11-2008,CHI,PHI,8,15,0.533,0,0,,2,2,1,0,5,5,10,1,1,2,1,18,18.5,14,Yes,W ,11,40,31
02-12-2008,CHI,PHI,11,19,0.579,0,0,,2,3,0.667,1,5,6,2,0,0,6,5,24,10.3,-11,Yes,L ,-8,40,37
03-12-2008,CHI,MIL,7,16,0.438,0,1,0,4,4,1,1,0,1,9,4,0,5,2,18,14.8,4,Yes,L ,-7,42,50
06-12-2008,CHI,WAS,6,12,0.5,1,3,0.333,2,4,0.5,0,0,0,8,2,0,0,0,15,15.8,8,Yes,W ,7,36,49
09-12-2008,CHI,NYK,7,11,0.636,0,1,0,1,3,0.333,0,3,3,7,1,2,2,2,15,14.7,7,Yes,W ,5,40,37
12-12-2008,CHI,MEM,6,14,0.429,0,3,0,0,1,0,0,4,4,11,0,0,3,3,12,8.9,1,Yes,L ,-7,44,40
13-12-2008,CHI,NJN,8,18,0.444,2,3,0.667,4,4,1,2,4,6,6,1,0,1,2,22,18.6,-5,Yes,W ,9,38,41
16-12-2008,CHI,CHA,3,16,0.188,0,1,0,0,0,,0,5,5,7,0,0,3,2,6,-1.4,-9,Yes,L ,-9,46,58
17-12-2008,CHI,LAC,5,17,0.294,0,2,0,6,8,0.75,0,1,1,7,1,0,1,2,16,9.7,7,Yes,W ,6,42,30
19-12-2008,CHI,BOS,5,10,0.5,2,3,0.667,2,2,1,0,0,0,5,0,0,3,1,14,9.1,-26,Yes,L ,-18,22,58
20-12-2008,CHI,UTA,10,17,0.588,0,1,0,4,6,0.667,2,3,5,3,0,0,3,3,24,15.5,4,Yes,W ,8,31,31
23-12-2008,CHI,DET,4,9,0.444,0,1,0,2,2,1,1,3,4,5,1,0,2,6,10,7,-2,Yes,L ,-6,20,43
26-12-2008,CHI,MIA,3,14,0.214,0,0,,4,4,1,1,2,3,3,1,0,5,0,10,0.8,-14,Yes,L ,-13,38,21
27-12-2008,CHI,ATL,12,19,0.632,1,1,1,2,6,0.333,1,3,4,7,0,0,2,1,27,21,-10,Yes,L ,-12,41,31
29-12-2008,CHI,NJN,9,15,0.6,1,2,0.5,2,2,1,1,3,4,13,2,0,3,1,21,23.4,24,Yes,W ,13,42,33
31-12-2008,CHI,ORL,5,13,0.385,0,1,0,1,1,1,0,1,1,0,0,1,3,0,11,1.9,-26,Yes,L ,-19,27,25
02-01-2009,CHI,CLE,1,6,0.167,0,0,,1,2,0.5,0,2,2,2,0,0,1,2,3,-1,-10,Yes,L ,-25,22,20
03-01-2009,CHI,MIN,9,19,0.474,0,1,0,4,4,1,0,4,4,5,0,1,3,2,22,13.9,-12,Yes,L ,-10,39,13
06-01-2009,CHI,SAC,7,12,0.583,0,1,0,2,2,1,1,2,3,8,0,0,2,1,16,14.9,14,Yes,W ,5,35,23
09-01-2009,CHI,WAS,3,12,0.25,0,0,,2,2,1,2,2,4,9,0,0,2,1,8,6.7,8,Yes,W ,12,35,19
10-01-2009,CHI,OKC,8,18,0.444,0,1,0,0,1,0,1,2,3,6,2,0,2,1,16,11.3,-9,Yes,L ,-11,40,18
12-01-2009,CHI,POR,5,14,0.357,0,2,0,3,5,0.6,2,1,3,10,1,0,2,0,13,12.1,-13,Yes,L ,-14,41,58
14-01-2009,CHI,TOR,12,18,0.667,0,1,0,1,1,1,2,0,2,10,0,0,1,0,25,24.6,-3,Yes,W ,4,38,18
15-01-2009,CHI,CLE,6,20,0.3,0,0,,4,6,0.667,0,3,3,6,0,1,1,1,16,8,-8,Yes,W ,9,44,12
17-01-2009,CHI,SAS,6,21,0.286,0,1,0,0,0,,2,1,3,8,1,0,0,2,12,7.2,-4,Yes,L ,-5,36,31
19-01-2009,CHI,NYK,9,20,0.45,0,0,,2,2,1,2,2,4,8,0,0,3,2,20,13.4,-4,Yes,L ,-4,36,41
20-01-2009,CHI,ATL,6,13,0.462,1,3,0.333,0,0,,1,2,3,4,0,0,3,1,13,7,-13,Yes,L ,-3,31,32
23-01-2009,CHI,TOR,5,12,0.417,0,1,0,2,2,1,2,1,3,4,1,0,4,2,12,6.3,-25,Yes,L ,-20,31,19
25-01-2009,CHI,MIN,8,19,0.421,0,1,0,2,3,0.667,1,2,3,7,2,1,5,2,18,10.6,10,Yes,L ,-1,43,24
28-01-2009,CHI,LAC,9,13,0.692,0,0,,3,4,0.75,1,3,4,6,1,1,5,0,21,17.6,28,Yes,W ,20,33,1
30-01-2009,CHI,SAC,2,6,0.333,0,0,,0,0,,1,2,3,11,2,0,4,1,4,7.2,16,Yes,W ,21,29,44
31-01-2009,CHI,PHO,12,19,0.632,0,0,,2,2,1,4,2,6,4,0,0,0,1,26,23.3,5,Yes,W ,11,31,1
03-02-2009,CHI,HOU,6,13,0.462,0,1,0,0,0,,4,3,7,7,2,0,0,0,12,15.9,-7,Yes,L ,-7,29,35
04-02-2009,CHI,NOH,10,14,0.714,0,1,0,1,2,0.5,2,2,4,6,1,0,2,2,21,19.2,18,Yes,W ,14,35,13
07-02-2009,CHI,DAL,11,25,0.44,0,1,0,0,0,,2,2,4,9,0,1,3,3,22,13.7,6,Yes,L ,-1,42,47
10-02-2009,CHI,DET,10,15,0.667,0,0,,3,4,0.75,1,1,2,4,0,0,0,2,23,19.1,-2,Yes,W ,5,29,29
12-02-2009,CHI,MIA,7,14,0.5,0,1,0,4,4,1,1,3,4,6,1,0,2,1,18,15.4,-7,Yes,L ,-2,38,54
18-02-2009,CHI,MIL,5,9,0.556,0,0,,8,8,1,1,4,5,9,2,0,7,2,18,16.1,3,Yes,W ,9,36,30
20-02-2009,CHI,DEN,5,11,0.455,0,0,,0,0,,3,3,6,6,1,0,4,2,10,7.7,-4,Yes,W ,17,26,58
22-02-2009,CHI,IND,1,9,0.111,0,0,,1,2,0.5,2,1,3,8,1,1,1,0,3,4.7,-1,Yes,L ,-7,28,11
24-02-2009,CHI,ORL,11,20,0.55,0,0,,0,0,,1,2,3,5,0,0,1,3,22,15,11,Yes,W ,18,35,2
25-02-2009,CHI,NJN,4,9,0.444,0,0,,1,2,0.5,2,0,2,5,0,0,0,3,9,7.6,-17,Yes,L ,-12,30,17
27-02-2009,CHI,WAS,4,10,0.4,0,0,,2,5,0.4,0,0,0,3,0,0,5,1,10,0.1,-22,Yes,L ,-23,34,13
28-02-2009,CHI,HOU,10,21,0.476,0,2,0,2,4,0.5,3,5,8,7,1,0,2,0,22,18,0,Yes,W ,3,40,0
03-03-2009,CHI,CHA,3,11,0.273,0,1,0,7,8,0.875,0,4,4,5,0,0,0,1,13,10.4,-17,Yes,L ,-16,39,13
04-03-2009,CHI,GSW,6,14,0.429,0,0,,2,2,1,0,3,3,6,0,0,3,0,14,8.7,14,Yes,W ,22,39,54
06-03-2009,CHI,MIL,10,18,0.556,0,0,,7,7,1,0,1,1,6,2,0,2,2,27,22.1,13,Yes,W ,15,41,5
09-03-2009,CHI,MIA,9,25,0.36,1,2,0.5,4,4,1,3,6,9,3,2,0,4,4,23,11.5,-12,Yes,L ,-3,55,20
11-03-2009,CHI,ORL,2,12,0.167,0,1,0,3,4,0.75,2,0,2,3,1,0,2,0,7,1.5,-21,Yes,L ,-28,29,46
13-03-2009,CHI,PHI,10,19,0.526,0,2,0,0,0,,1,5,6,6,1,0,4,0,20,14.1,2,Yes,L ,-3,42,2
14-03-2009,CHI,NOH,2,9,0.222,0,2,0,0,0,,1,3,4,7,1,0,3,1,4,2.6,11,Yes,W ,18,34,20
17-03-2009,CHI,BOS,4,11,0.364,0,0,,3,3,1,0,3,3,8,0,0,1,3,11,9.2,-3,Yes,W ,6,34,51
18-03-2009,CHI,OKC,12,14,0.857,0,0,,1,2,0.5,2,4,6,3,1,0,6,3,25,18.1,11,Yes,W ,7,41,25
21-03-2009,CHI,LAL,10,19,0.526,0,0,,5,5,1,4,1,5,4,0,0,4,1,25,17.2,-10,Yes,L ,-8,39,2
23-03-2009,CHI,WAS,6,15,0.4,0,0,,0,0,,1,4,5,8,0,0,1,2,12,9.6,3,Yes,W ,2,38,58
26-03-2009,CHI,MIA,4,7,0.571,0,0,,1,2,0.5,0,5,5,7,0,0,0,0,9,11.7,15,Yes,W ,19,30,3
28-03-2009,CHI,IND,7,18,0.389,0,0,,2,3,0.667,1,8,9,8,0,0,2,2,16,11.7,-11,Yes,W ,6,33,16
29-03-2009,CHI,TOR,9,13,0.692,0,0,,5,6,0.833,0,3,3,9,1,0,4,3,23,20.1,6,Yes,L ,-5,42,24
31-03-2009,CHI,IND,12,21,0.571,0,0,,0,1,0,2,9,11,6,0,0,0,1,24,21.6,0,Yes,L ,-2,39,46
04-04-2009,CHI,NJN,7,12,0.583,0,0,,1,1,1,2,2,4,5,2,0,2,4,15,13.3,14,Yes,W ,9,34,59
07-04-2009,CHI,NYK,7,17,0.412,0,0,,4,5,0.8,1,2,3,6,1,0,3,0,18,12,2,Yes,W ,7,38,16
09-04-2009,CHI,PHI,8,13,0.615,0,3,0,0,0,,0,2,2,8,2,1,3,1,16,15.6,25,Yes,W ,14,38,59
11-04-2009,CHI,CHA,10,16,0.625,0,0,,2,2,1,1,2,3,7,2,1,1,2,22,21.9,7,Yes,W ,7,41,17
13-04-2009,CHI,DET,9,17,0.529,0,1,0,6,9,0.667,1,4,5,8,0,1,2,0,24,20.7,3,Yes,W ,3,40,46
15-04-2009,CHI,TOR,7,14,0.5,0,0,,6,8,0.75,3,3,6,11,1,2,2,1,20,22.9,-7,Yes,L ,-11,42,37
29-10-2009,CHI,SAS,5,12,0.417,0,1,0,3,5,0.6,1,6,7,7,1,1,1,2,13,13.1,4,Yes,W ,7,33,8
30-10-2009,CHI,BOS,4,8,0.5,0,0,,2,3,0.667,0,0,0,2,0,0,2,1,10,4.6,-19,Yes,L ,-28,23,57
01-11-2009,CHI,MIA,4,15,0.267,0,0,,0,2,0,1,4,5,5,1,0,2,2,8,1.9,-11,Yes,L ,-8,35,8
03-11-2009,CHI,MIL,6,12,0.5,0,0,,4,4,1,1,1,2,5,0,1,5,0,16,10.2,-6,Yes,W ,2,28,50
05-11-2009,CHI,CLE,6,15,0.4,0,2,0,2,2,1,1,1,2,11,1,0,2,1,14,13.2,1,Yes,W ,1,32,33
07-11-2009,CHI,CHA,6,11,0.545,0,0,,1,2,0.5,0,1,1,4,3,0,7,3,13,5.2,-7,Yes,W ,3,29,59
10-11-2009,CHI,DEN,10,17,0.588,0,0,,2,2,1,1,0,1,5,1,2,0,2,22,19.9,12,Yes,L ,-1,39,2
11-11-2009,CHI,TOR,6,14,0.429,0,0,,2,2,1,1,4,5,6,1,0,1,1,14,12.3,-14,Yes,L ,-10,33,59
14-11-2009,CHI,PHI,7,12,0.583,0,0,,0,0,,1,2,3,3,0,0,7,0,14,4.8,-6,Yes,W ,6,36,43
17-11-2009,CHI,SAC,2,12,0.167,0,1,0,6,6,1,0,3,3,7,2,1,2,0,10,8.9,1,Yes,W ,14,33,38
19-11-2009,CHI,LAL,9,20,0.45,0,0,,2,2,1,0,1,1,6,1,0,2,0,20,13.1,-15,Yes,L ,-15,38,2
21-11-2009,CHI,DEN,11,20,0.55,0,1,0,6,7,0.857,1,5,6,3,1,0,5,1,28,17.9,-16,Yes,L ,-19,36,54
23-11-2009,CHI,POR,7,14,0.5,0,0,,0,0,,2,1,3,5,1,0,2,4,14,9.6,-15,Yes,L ,-24,39,3
26-11-2009,CHI,UTA,9,17,0.529,1,1,1,0,0,,1,3,4,2,0,0,4,2,19,8.9,-23,Yes,L ,-19,38,27
30-11-2009,CHI,MIL,8,17,0.471,0,0,,3,3,1,2,0,2,7,1,0,2,3,19,14.4,4,Yes,L ,-2,44,9
02-12-2009,CHI,DET,6,9,0.667,0,0,,7,9,0.778,1,3,4,6,2,0,5,1,19,16.7,14,Yes,W ,7,38,25
04-12-2009,CHI,CLE,5,16,0.313,0,0,,3,3,1,0,1,1,7,1,0,1,0,13,9,-15,Yes,L ,-14,29,17
05-12-2009,CHI,TOR,3,9,0.333,0,0,,3,6,0.5,0,0,0,5,0,0,2,1,9,3.8,-22,Yes,L ,-32,27,32
08-12-2009,CHI,NJN,13,23,0.565,0,1,0,1,4,0.25,2,5,7,10,1,1,3,2,27,22.7,11,Yes,L ,-2,42,15
09-12-2009,CHI,ATL,7,18,0.389,0,0,,5,5,1,1,1,2,7,0,0,5,0,19,10.1,-22,Yes,L ,-35,32,1
11-12-2009,CHI,GSW,7,22,0.318,0,1,0,1,2,0.5,1,1,2,5,0,0,3,1,15,3.1,1,Yes,W ,5,43,29
12-12-2009,CHI,BOS,8,19,0.421,0,0,,3,5,0.6,2,3,5,3,1,1,1,1,19,12.8,-12,Yes,L ,-26,35,21
15-12-2009,CHI,LAL,9,22,0.409,0,0,,3,4,0.75,0,4,4,6,0,0,2,2,21,11.4,8,Yes,L ,-9,33,19
17-12-2009,CHI,NYK,8,18,0.444,0,0,,2,2,1,1,3,4,6,1,0,3,1,18,12,-10,Yes,W ,9,35,30
19-12-2009,CHI,ATL,14,24,0.583,0,1,0,4,6,0.667,1,3,4,6,0,0,0,0,32,25.8,4,Yes,W ,3,42,44
21-12-2009,CHI,SAC,9,19,0.474,0,0,,6,7,0.857,1,2,3,7,0,1,3,0,24,17.8,-2,Yes,L ,-4,41,16
22-12-2009,CHI,NYK,11,21,0.524,1,1,1,3,3,1,1,5,6,4,0,0,2,0,26,18.7,-5,Yes,L ,-7,34,38
26-12-2009,CHI,NOH,7,20,0.35,0,0,,0,0,,4,2,6,9,2,0,3,1,14,11.1,21,Yes,W ,11,39,44
29-12-2009,CHI,IND,11,20,0.55,0,1,0,6,8,0.75,2,3,5,6,0,1,6,1,28,18.4,1,Yes,W ,9,41,13
31-12-2009,CHI,DET,7,18,0.389,0,1,0,8,8,1,0,4,4,4,1,2,2,1,22,16.2,12,Yes,W ,11,40,5
02-01-2010,CHI,ORL,11,23,0.478,0,0,,8,10,0.8,1,5,6,7,0,0,2,1,30,22.2,9,Yes,W ,8,38,8
04-01-2010,CHI,OKC,9,20,0.45,0,0,,1,1,1,1,2,3,7,2,0,2,1,19,14.4,-10,Yes,L ,-13,36,42
05-01-2010,CHI,CHA,11,19,0.579,0,1,0,2,3,0.667,1,2,3,9,0,1,7,3,24,14.8,-4,Yes,L ,-5,37,52
08-01-2010,CHI,MIL,10,25,0.4,0,0,,5,7,0.714,1,4,5,9,0,0,2,2,25,16.1,-9,Yes,L ,-3,37,34
09-01-2010,CHI,MIN,3,7,0.429,0,0,,2,4,0.5,0,4,4,7,2,0,1,2,8,9.8,7,Yes,W ,14,31,20
11-01-2010,CHI,DET,11,13,0.846,0,0,,0,0,,0,2,2,9,1,0,2,2,22,22.4,29,Yes,W ,33,25,19
14-01-2010,CHI,BOS,8,16,0.5,0,0,,1,2,0.5,1,7,8,4,0,0,3,3,17,10,12,Yes,W ,13,29,57
15-01-2010,CHI,WAS,16,33,0.485,0,0,,5,7,0.714,1,8,9,6,0,0,3,1,37,23.4,5,Yes,W ,2,50,15
18-01-2010,CHI,GSW,7,19,0.368,0,0,,5,8,0.625,0,2,2,4,1,0,4,2,19,6.9,-20,Yes,L ,-17,34,49
20-01-2010,CHI,LAC,10,24,0.417,0,0,,3,4,0.75,3,5,8,7,1,2,4,0,23,16.7,-1,Yes,L ,-7,43,17
22-01-2010,CHI,PHO,15,21,0.714,1,1,1,1,3,0.333,0,3,3,5,3,0,1,0,32,28.9,7,Yes,W ,11,43,44
23-01-2010,CHI,HOU,7,14,0.5,0,1,0,6,8,0.75,0,3,3,4,0,1,4,4,20,11,11,Yes,W ,7,35,19
25-01-2010,CHI,SAS,13,23,0.565,1,1,1,0,0,,0,3,3,6,0,0,0,0,27,21.2,6,Yes,W ,5,34,32
27-01-2010,CHI,OKC,13,23,0.565,0,1,0,0,0,,1,2,3,7,0,0,2,2,26,18.5,8,Yes,W ,10,36,57
29-01-2010,CHI,NOH,7,19,0.368,0,0,,4,5,0.8,0,4,4,5,3,0,4,1,18,10.4,7,Yes,W ,2,44,36
02-02-2010,CHI,LAC,7,20,0.35,0,1,0,2,2,1,1,3,4,4,0,0,4,0,16,5.2,-16,Yes,L ,-8,36,11
03-02-2010,CHI,PHI,10,22,0.455,1,1,1,9,10,0.9,2,2,4,9,0,0,4,1,30,22.1,2,Yes,L ,-3,42,52
05-02-2010,CHI,ATL,9,21,0.429,0,2,0,1,2,0.5,1,2,3,6,0,0,2,0,19,11,-9,Yes,L ,-10,40,42
06-02-2010,CHI,MIA,9,19,0.474,0,0,,6,8,0.75,0,5,5,2,0,0,3,0,24,13.4,-2,Yes,W ,4,43,0
09-02-2010,CHI,IND,9,18,0.5,0,1,0,3,3,1,1,2,3,7,2,0,5,2,21,14.4,6,Yes,W ,8,38,13
10-02-2010,CHI,ORL,1,1,1,0,0,,1,1,1,0,0,0,0,0,0,0,0,3,2.7,-3,Yes,L ,-20,2,24
16-02-2010,CHI,NYK,14,18,0.778,0,0,,1,1,1,0,3,3,6,1,0,2,0,29,26.1,23,Yes,W ,33,27,2
17-02-2010,CHI,NYK,10,19,0.526,0,0,,7,9,0.778,0,4,4,6,1,0,1,1,27,21.9,-2,Yes,W ,6,39,34
19-02-2010,CHI,MIN,8,17,0.471,0,1,0,3,4,0.75,1,7,8,5,1,0,3,2,19,13.4,8,Yes,W ,6,38,38
20-02-2010,CHI,PHI,7,16,0.438,1,1,1,2,4,0.5,2,2,4,6,1,0,1,0,17,14,24,Yes,W ,32,33,49
22-02-2010,CHI,WAS,8,16,0.5,0,1,0,6,7,0.857,2,3,5,6,1,0,4,3,22,15.9,-6,Yes,L ,-6,39,5
24-02-2010,CHI,IND,10,19,0.526,0,0,,3,4,0.75,0,9,9,8,1,1,4,2,23,18.5,17,Yes,W ,10,39,8
26-02-2010,CHI,POR,15,25,0.6,0,0,,3,4,0.75,1,1,2,4,1,0,5,1,33,20.5,-2,Yes,W ,4,46,37
27-02-2010,CHI,IND,9,14,0.643,0,0,,9,12,0.75,0,2,2,4,1,0,2,1,27,21.6,-4,Yes,L ,-10,37,35
01-03-2010,CHI,ATL,11,24,0.458,0,0,,2,2,1,0,0,0,3,0,0,2,0,24,11.7,-10,Yes,L ,-24,31,27
04-03-2010,CHI,MEM,9,21,0.429,0,0,,2,2,1,1,2,3,3,2,1,3,1,20,11.6,-8,Yes,L ,-9,38,28
06-03-2010,CHI,DAL,15,22,0.682,0,2,0,4,4,1,0,0,0,8,0,0,2,2,34,27.4,2,Yes,L ,-6,42,10
09-03-2010,CHI,UTA,10,19,0.526,0,0,,5,6,0.833,2,2,4,13,0,0,5,0,25,21.4,-22,Yes,L ,-24,38,56
11-03-2010,CHI,ORL,1,4,0.25,0,0,,1,2,0.5,0,0,0,2,0,0,0,1,3,1.2,-11,Yes,L ,-29,12,0
20-03-2010,CHI,PHI,9,16,0.563,4,6,0.667,1,1,1,0,4,4,5,1,1,1,3,23,19.6,18,Yes,W ,14,37,23
22-03-2010,CHI,HOU,12,22,0.545,2,7,0.286,1,4,0.25,2,5,7,8,0,1,4,3,27,19.2,9,Yes,W ,10,46,35
25-03-2010,CHI,MIA,5,16,0.313,0,2,0,2,4,0.5,1,4,5,5,0,0,1,0,12,6.4,-33,Yes,L ,-29,32,42
27-03-2010,CHI,NJN,3,12,0.25,0,0,,1,2,0.5,0,5,5,9,1,1,0,0,7,8.9,19,Yes,W ,23,35,29
28-03-2010,CHI,DET,7,13,0.538,0,1,0,7,8,0.875,0,3,3,9,1,1,1,1,21,21.8,0,Yes,W ,7,35,56
30-03-2010,CHI,PHO,7,16,0.438,1,4,0.25,8,9,0.889,1,4,5,10,1,0,1,0,23,23.1,-3,Yes,L ,-6,42,30
02-04-2010,CHI,WAS,10,19,0.526,0,1,0,4,4,1,2,2,4,5,0,0,3,0,24,17.2,0,Yes,W ,8,40,49
03-04-2010,CHI,CHA,10,19,0.526,0,1,0,6,6,1,0,4,4,5,0,1,3,0,26,19.1,6,Yes,W ,8,40,42
06-04-2010,CHI,MIL,5,12,0.417,0,0,,2,2,1,0,5,5,11,1,0,6,3,12,8.6,0,Yes,L ,-5,38,7
08-04-2010,CHI,CLE,10,17,0.588,1,3,0.333,3,7,0.429,0,3,3,10,1,0,4,3,24,18.2,6,Yes,W ,1,38,16
09-04-2010,CHI,NJN,9,19,0.474,0,1,0,7,12,0.583,0,6,6,6,0,0,7,6,25,9.9,-4,Yes,L ,-11,47,44
11-04-2010,CHI,TOR,12,23,0.522,0,3,0,2,2,1,1,3,4,7,1,1,1,0,26,21.9,7,Yes,W ,16,37,39
13-04-2010,CHI,BOS,15,22,0.682,0,0,,9,10,0.9,2,3,5,7,0,3,2,2,39,35.7,12,Yes,W ,8,45,35
14-04-2010,CHI,CHA,10,19,0.526,2,4,0.5,5,6,0.833,2,0,2,5,2,1,5,0,27,19.9,8,Yes,W ,9,42,59
27-10-2010,CHI,OKC,12,31,0.387,0,4,0,4,4,1,1,3,4,6,0,1,2,4,28,14,-1,Yes,L ,-11,31,19
30-10-2010,CHI,DET,13,27,0.481,3,7,0.429,10,13,0.769,1,5,6,7,2,2,7,3,39,26.4,15,Yes,W ,10,38,2
01-11-2010,CHI,POR,6,11,0.545,0,3,0,4,6,0.667,0,5,5,13,1,0,6,2,16,14.7,9,Yes,W ,12,36,35
04-11-2010,CHI,NYK,9,17,0.529,2,4,0.5,4,6,0.667,0,1,1,14,1,0,3,2,24,22.2,-10,Yes,L ,-8,34,59
05-11-2010,CHI,BOS,8,19,0.421,0,2,0,2,2,1,2,3,5,9,0,0,6,2,18,9.7,-8,Yes,L ,-5,45,36
08-11-2010,CHI,DEN,7,21,0.333,1,2,0.5,3,5,0.6,0,2,2,6,1,1,3,2,18,8,6,Yes,W ,2,39,30
11-11-2010,CHI,GSW,10,17,0.588,0,3,0,2,2,1,1,2,3,13,1,1,3,0,22,23.2,31,Yes,W ,30,36,42
13-11-2010,CHI,WAS,8,20,0.4,1,4,0.25,7,7,1,1,3,4,8,2,1,3,1,24,19.7,12,Yes,W ,7,36,9
16-11-2010,CHI,HOU,13,20,0.65,4,5,0.8,3,6,0.5,1,2,3,7,3,0,3,4,33,27.6,6,Yes,W ,3,37,41
17-11-2010,CHI,SAS,15,27,0.556,2,4,0.5,1,1,1,0,3,3,4,0,0,4,2,33,19,-19,Yes,L ,-9,37,50
19-11-2010,CHI,DAL,8,17,0.471,1,3,0.333,5,9,0.556,2,2,4,6,1,0,4,0,22,14.9,6,Yes,W ,5,40,51
23-11-2010,CHI,LAL,11,25,0.44,2,5,0.4,6,9,0.667,1,4,5,8,1,1,3,1,30,21.5,1,Yes,L ,-7,39,59
24-11-2010,CHI,PHO,14,33,0.424,1,5,0.2,6,6,1,1,11,12,7,0,1,4,6,35,20.7,7,Yes,W ,8,50,19
27-11-2010,CHI,SAC,10,23,0.435,1,4,0.25,9,9,1,2,5,7,7,1,0,1,3,30,24.5,10,Yes,W ,11,42,2
01-12-2010,CHI,ORL,5,13,0.385,2,4,0.5,3,6,0.5,0,0,0,4,0,1,3,3,15,6,-24,Yes,L ,-29,31,56
03-12-2010,CHI,BOS,7,17,0.412,1,5,0.2,5,5,1,0,3,3,8,0,0,4,2,20,12.6,-29,Yes,L ,-12,36,19
04-12-2010,CHI,HOU,13,28,0.464,4,6,0.667,0,0,,2,5,7,11,5,1,4,4,30,26.3,-4,Yes,W ,3,44,2
06-12-2010,CHI,OKC,3,13,0.231,1,2,0.5,4,4,1,1,3,4,9,2,1,5,2,11,7.9,13,Yes,W ,9,38,13
08-12-2010,CHI,CLE,11,22,0.5,3,6,0.5,4,6,0.667,1,3,4,8,0,0,3,0,29,21.4,3,Yes,W ,5,37,43
10-12-2010,CHI,LAL,12,25,0.48,3,5,0.6,2,4,0.5,2,3,5,9,0,0,4,2,29,19.3,8,Yes,W ,4,39,26
11-12-2010,CHI,MIN,8,10,0.8,5,6,0.833,0,0,,1,2,3,7,0,1,3,1,21,20.7,19,Yes,W ,31,29,31
13-12-2010,CHI,IND,6,18,0.333,3,6,0.5,2,3,0.667,1,5,6,12,1,0,3,3,17,13.8,25,Yes,W ,19,38,45
15-12-2010,CHI,TOR,3,9,0.333,0,2,0,0,0,,2,1,3,11,2,0,5,0,6,7.3,22,Yes,W ,17,29,37
18-12-2010,CHI,LAC,12,24,0.5,3,6,0.5,7,9,0.778,2,4,6,8,0,2,4,1,34,26.4,8,Yes,L ,-1,41,9
21-12-2010,CHI,PHI,7,13,0.538,2,4,0.5,6,6,1,0,5,5,12,1,0,0,1,22,26.2,41,Yes,W ,45,29,10
22-12-2010,CHI,WAS,9,21,0.429,0,6,0,7,10,0.7,1,4,5,5,1,3,4,4,25,15.6,1,Yes,W ,7,38,10
25-12-2010,CHI,NYK,12,28,0.429,0,2,0,1,3,0.333,2,5,7,8,6,0,7,2,25,16.1,-3,Yes,L ,-8,41,21
26-12-2010,CHI,DET,9,23,0.391,0,3,0,5,6,0.833,1,11,12,8,2,0,6,2,23,14.9,9,Yes,W ,3,41,14
28-12-2010,CHI,MIL,7,17,0.412,3,4,0.75,1,1,1,1,5,6,12,1,0,2,1,18,18.1,13,Yes,W ,13,39,50
31-12-2010,CHI,NJN,5,16,0.313,2,6,0.333,7,7,1,1,3,4,9,0,0,1,0,19,16.7,4,Yes,W ,9,39,28
01-01-2011,CHI,CLE,9,21,0.429,2,6,0.333,8,10,0.8,0,1,1,11,0,1,3,1,28,21.4,16,Yes,W ,9,37,8
04-01-2011,CHI,TOR,7,11,0.636,2,3,0.667,3,3,1,0,1,1,6,0,0,1,1,19,17.2,4,Yes,W ,20,29,44
05-01-2011,CHI,NJN,7,13,0.538,2,5,0.4,5,7,0.714,0,1,1,1,0,0,5,2,21,9.1,-14,Yes,L ,-2,32,50
07-01-2011,CHI,PHI,8,21,0.381,1,6,0.167,10,10,1,1,3,4,9,3,0,4,1,27,22,-10,Yes,L ,-6,35,26
08-01-2011,CHI,BOS,10,19,0.526,1,3,0.333,15,19,0.789,1,4,5,2,0,0,4,0,36,24.4,9,Yes,W ,11,38,58
10-01-2011,CHI,DET,10,20,0.5,0,3,0,9,9,1,2,3,5,7,2,1,3,0,29,25.9,15,Yes,W ,13,43,21
12-01-2011,CHI,CHA,5,17,0.294,0,1,0,7,7,1,0,2,2,7,1,1,4,1,17,9.9,-8,Yes,L ,-5,35,47
14-01-2011,CHI,IND,11,21,0.524,3,6,0.5,4,5,0.8,1,9,10,5,0,2,3,1,29,23.2,14,Yes,W ,13,36,21
15-01-2011,CHI,MIA,12,27,0.444,2,6,0.333,8,8,1,1,3,4,8,0,3,2,1,34,26.8,-1,Yes,W ,3,42,43
17-01-2011,CHI,MEM,7,20,0.35,1,3,0.333,7,9,0.778,2,8,10,12,1,1,1,2,22,22.1,13,Yes,W ,12,39,45
18-01-2011,CHI,CHA,14,28,0.5,2,4,0.5,3,4,0.75,2,3,5,4,0,1,3,3,33,20.2,-3,Yes,L ,-1,38,29
20-01-2011,CHI,DAL,9,28,0.321,2,5,0.4,6,6,1,3,4,7,9,0,2,4,1,26,16.6,2,Yes,W ,5,43,30
22-01-2011,CHI,CLE,8,20,0.4,1,3,0.333,7,9,0.778,0,2,2,8,4,3,5,2,24,18.9,9,Yes,W ,13,38,37
24-01-2011,CHI,MIL,5,16,0.313,1,3,0.333,10,10,1,1,1,2,10,1,1,3,0,21,18.5,0,Yes,W ,9,36,35
28-01-2011,CHI,ORL,6,21,0.286,2,6,0.333,8,8,1,2,4,6,12,0,0,2,2,22,17.9,11,Yes,W ,9,37,41
29-01-2011,CHI,IND,8,17,0.471,1,4,0.25,3,3,1,1,2,3,7,1,0,2,0,20,16.5,11,Yes,W ,21,34,36
02-02-2011,CHI,LAC,11,18,0.611,4,8,0.5,6,8,0.75,0,3,3,11,1,1,2,1,32,30.9,11,Yes,W ,18,37,31
05-02-2011,CHI,GSW,6,15,0.4,0,5,0,2,2,1,1,2,3,10,1,0,9,3,14,5,-5,Yes,L ,-11,40,23
07-02-2011,CHI,POR,14,27,0.519,1,6,0.167,7,8,0.875,0,1,1,6,0,0,4,2,36,22,-11,Yes,L ,-6,38,26
09-02-2011,CHI,UTA,11,26,0.423,2,5,0.4,5,5,1,2,1,3,7,1,0,1,2,29,21,1,Yes,W ,5,38,53
12-02-2011,CHI,NOH,7,15,0.467,1,2,0.5,8,8,1,0,4,4,6,1,0,4,2,23,16.9,8,Yes,W ,9,35,34
15-02-2011,CHI,CHA,5,14,0.357,0,3,0,8,9,0.889,0,3,3,13,1,0,6,3,18,13.6,15,Yes,W ,12,37,51
17-02-2011,CHI,SAS,18,28,0.643,0,4,0,6,6,1,2,3,5,8,0,1,1,2,42,36.4,15,Yes,W ,10,38,30
23-02-2011,CHI,TOR,8,22,0.364,2,6,0.333,14,16,0.875,0,1,1,10,1,0,3,1,32,23.9,-2,Yes,L ,-5,38,29
24-02-2011,CHI,MIA,9,24,0.375,1,5,0.2,7,8,0.875,0,5,5,6,0,0,4,2,26,13.3,-2,Yes,W ,4,37,22
26-02-2011,CHI,MIL,7,19,0.368,1,4,0.25,2,2,1,1,3,4,4,2,0,3,0,17,9.9,6,Yes,W ,8,34,39
28-02-2011,CHI,WAS,7,17,0.412,2,8,0.25,5,6,0.833,1,4,5,9,3,1,4,0,21,19.4,26,Yes,W ,28,32,19
02-03-2011,CHI,ATL,5,21,0.238,0,6,0,2,3,0.667,2,3,5,12,1,0,6,1,12,4.2,-5,Yes,L ,-3,37,27
04-03-2011,CHI,ORL,9,20,0.45,0,5,0,6,8,0.75,0,4,4,4,2,0,5,0,24,13.8,-3,Yes,W ,8,35,31
06-03-2011,CHI,MIA,12,23,0.522,0,3,0,3,3,1,0,1,1,5,1,0,3,2,27,16.7,0,Yes,W ,1,38,21
07-03-2011,CHI,NOH,8,21,0.381,2,6,0.333,6,7,0.857,2,2,4,9,1,2,3,2,24,19,9,Yes,W ,8,40,49
09-03-2011,CHI,CHA,7,15,0.467,4,6,0.667,2,2,1,1,3,4,6,2,3,1,1,20,20.8,10,Yes,W ,17,31,34
11-03-2011,CHI,ATL,9,24,0.375,2,9,0.222,14,15,0.933,2,4,6,5,1,0,3,2,34,23.7,25,Yes,W ,18,34,3
12-03-2011,CHI,UTA,7,17,0.412,5,11,0.455,7,8,0.875,0,1,1,4,1,0,4,1,26,16.2,11,Yes,W ,18,37,47
15-03-2011,CHI,WAS,8,21,0.381,2,7,0.286,5,5,1,2,2,4,7,2,0,3,1,23,17,22,Yes,W ,19,37,44
17-03-2011,CHI,NJN,8,23,0.348,0,5,0,5,6,0.833,2,2,4,2,2,2,1,0,21,13.5,14,Yes,W ,11,37,23
18-03-2011,CHI,IND,11,27,0.407,2,8,0.25,18,21,0.857,2,2,4,2,0,1,4,6,42,24,-9,Yes,L ,-7,39,8
21-03-2011,CHI,SAC,6,11,0.545,2,4,0.5,4,4,1,0,0,0,8,1,0,2,3,18,16.1,17,Yes,W ,40,28,6
22-03-2011,CHI,ATL,11,20,0.55,6,8,0.75,2,3,0.667,2,2,4,10,0,0,1,0,30,28,26,Yes,W ,33,28,50
25-03-2011,CHI,MEM,6,22,0.273,0,5,0,12,13,0.923,3,4,7,7,0,0,4,1,24,14.4,7,Yes,W ,3,37,57
26-03-2011,CHI,MIL,9,17,0.529,0,3,0,12,12,1,1,2,3,17,0,0,2,1,30,32.5,7,Yes,W ,8,40,9
28-03-2011,CHI,PHI,12,24,0.5,0,3,0,7,9,0.778,1,3,4,5,3,1,10,1,31,16.6,-6,Yes,L ,-12,41,58
30-03-2011,CHI,MIN,5,14,0.357,4,9,0.444,9,9,1,1,3,4,10,0,0,1,0,23,22.8,21,Yes,W ,17,30,56
01-04-2011,CHI,DET,8,17,0.471,3,6,0.5,8,11,0.727,0,3,3,7,4,0,3,2,27,23.1,1,Yes,W ,5,37,44
02-04-2011,CHI,TOR,11,20,0.55,1,4,0.25,13,14,0.929,2,1,3,10,1,3,4,3,36,32.6,7,Yes,W ,7,42,6
05-04-2011,CHI,PHO,6,15,0.4,1,5,0.2,6,6,1,0,3,3,4,0,1,2,1,19,12.9,0,Yes,W ,3,34,57
07-04-2011,CHI,BOS,9,16,0.563,2,5,0.4,10,10,1,1,4,5,8,2,0,3,3,30,27.7,24,Yes,W ,16,39,39
08-04-2011,CHI,CLE,4,10,0.4,0,2,0,3,3,1,0,1,1,8,0,0,4,2,11,6.7,3,Yes,W ,11,33,24
10-04-2011,CHI,ORL,13,17,0.765,3,5,0.6,10,10,1,1,2,3,5,0,1,5,3,39,31.6,6,Yes,W ,3,37,5
12-04-2011,CHI,NYK,10,19,0.526,2,6,0.333,4,5,0.8,0,0,0,3,2,1,4,3,26,15.9,17,Yes,W ,13,38,3
13-04-2011,CHI,NJN,5,13,0.385,0,3,0,5,8,0.625,1,3,4,1,0,0,0,1,15,8.6,-5,Yes,W ,5,30,15
25-12-2011,CHI,LAL,9,13,0.692,4,6,0.667,0,0,,0,1,1,5,0,1,5,1,22,15.6,7,Yes,W ,1,35,19
26-12-2011,CHI,GSW,4,17,0.235,1,8,0.125,4,4,1,1,4,5,8,0,0,3,3,13,6,1,Yes,L ,-8,39,4
29-12-2011,CHI,SAC,7,14,0.5,0,2,0,5,6,0.833,0,1,1,8,0,0,6,5,19,9.5,-1,Yes,W ,10,32,12
30-12-2011,CHI,LAC,8,14,0.571,3,4,0.75,10,11,0.909,3,5,8,16,1,0,4,3,29,32.6,16,Yes,W ,13,42,4
01-01-2012,CHI,MEM,4,10,0.4,0,1,0,8,8,1,0,3,3,6,2,2,2,1,16,16.7,43,Yes,W ,40,25,34
03-01-2012,CHI,ATL,8,22,0.364,3,8,0.375,11,13,0.846,0,1,1,7,0,1,2,1,30,20.5,2,Yes,W ,2,43,59
04-01-2012,CHI,DET,7,15,0.467,0,6,0,3,4,0.75,0,2,2,10,2,0,2,1,17,16.1,14,Yes,W ,16,39,42
06-01-2012,CHI,ORL,7,18,0.389,1,3,0.333,6,7,0.857,1,7,8,10,2,1,4,1,21,18.9,14,Yes,W ,14,39,22
07-01-2012,CHI,ATL,3,10,0.3,0,3,0,2,2,1,1,3,4,6,1,0,5,0,8,4,-33,Yes,L ,-15,28,14
09-01-2012,CHI,DET,8,16,0.5,1,6,0.167,5,5,1,0,1,1,8,0,0,3,0,22,16.9,12,Yes,W ,24,32,42
10-01-2012,CHI,MIN,12,22,0.545,4,8,0.5,3,4,0.75,0,3,3,11,1,2,3,1,31,27.6,6,Yes,W ,11,41,48
13-01-2012,CHI,BOS,9,21,0.429,2,6,0.333,5,7,0.714,1,3,4,7,0,0,3,3,25,15.4,16,Yes,W ,9,39,19
14-01-2012,CHI,TOR,7,20,0.35,2,6,0.333,2,2,1,2,2,4,11,3,0,0,0,18,19.5,18,Yes,W ,13,41,28
23-01-2012,CHI,NJN,9,16,0.563,2,5,0.4,2,2,1,0,5,5,8,1,0,3,3,22,18.3,8,Yes,W ,15,36,19
25-01-2012,CHI,IND,9,19,0.474,1,4,0.25,5,5,1,1,2,3,3,1,2,2,1,24,17.7,-5,Yes,L ,-5,38,0
27-01-2012,CHI,MIL,14,24,0.583,0,2,0,6,10,0.6,1,2,3,3,0,1,3,2,34,21.5,8,Yes,W ,7,37,17
29-01-2012,CHI,MIA,11,28,0.393,0,4,0,12,14,0.857,1,5,6,6,1,1,2,3,34,22.9,4,Yes,L ,-4,44,33
30-01-2012,CHI,WAS,10,20,0.5,1,2,0.5,14,15,0.933,0,0,0,8,2,3,5,1,35,28.9,13,Yes,W ,10,40,53
01-02-2012,CHI,PHI,8,17,0.471,1,2,0.5,1,3,0.333,1,0,1,6,1,0,4,0,18,10.4,-17,Yes,L ,-16,31,4
02-02-2012,CHI,NYK,12,26,0.462,2,5,0.4,6,9,0.667,0,4,4,13,1,0,2,0,32,26.7,1,Yes,W ,3,39,57
04-02-2012,CHI,MIL,11,24,0.458,3,7,0.429,1,1,1,2,5,7,13,0,1,0,0,26,26.3,18,Yes,W ,23,35,3
06-02-2012,CHI,NJN,2,3,0.667,0,1,0,0,0,,0,0,0,0,0,0,2,2,4,-0.1,10,Yes,W ,21,10,40
08-02-2012,CHI,NOH,3,5,0.6,0,1,0,0,0,,0,5,5,6,1,0,1,1,6,9,28,Yes,W ,23,22,22
20-02-2012,CHI,ATL,8,18,0.444,2,4,0.5,5,9,0.556,1,4,5,6,0,0,4,0,23,14.1,19,Yes,W ,11,34,54
22-02-2012,CHI,MIL,6,13,0.462,1,2,0.5,3,4,0.75,1,1,2,7,0,2,3,1,16,12.8,15,Yes,W ,19,30,15
28-02-2012,CHI,NOH,11,24,0.458,1,5,0.2,9,11,0.818,1,1,2,9,3,2,2,2,32,27.7,16,Yes,W ,4,40,49
29-02-2012,CHI,SAS,10,23,0.435,1,5,0.2,8,8,1,0,1,1,4,0,1,2,2,29,17.9,1,Yes,W ,7,35,19
02-03-2012,CHI,CLE,9,17,0.529,1,5,0.2,0,2,0,0,1,1,9,3,0,2,1,19,17.1,18,Yes,W ,21,28,19
04-03-2012,CHI,PHI,12,23,0.522,4,7,0.571,7,9,0.778,0,4,4,8,1,1,3,3,35,27.2,11,Yes,W ,5,41,53
05-03-2012,CHI,IND,5,16,0.313,3,6,0.5,0,2,0,1,3,4,9,0,1,2,2,13,8.8,14,Yes,W ,20,28,53
07-03-2012,CHI,MIL,8,22,0.364,0,5,0,14,14,1,1,7,8,11,1,1,4,0,30,26,0,Yes,W ,2,39,17
08-03-2012,CHI,ORL,6,22,0.273,2,6,0.333,3,4,0.75,2,2,4,9,1,1,1,1,17,12.2,-11,Yes,L ,-5,36,27
10-03-2012,CHI,UTA,7,13,0.538,0,2,0,10,11,0.909,0,2,2,13,1,1,6,0,24,22.7,10,Yes,W ,14,35,24
12-03-2012,CHI,NYK,12,29,0.414,2,6,0.333,6,9,0.667,2,4,6,7,0,0,4,1,32,18.4,6,Yes,W ,5,42,43
08-04-2012,CHI,NYK,8,26,0.308,4,8,0.5,9,12,0.75,0,6,6,4,1,1,8,1,29,10.7,-5,Yes,L ,-1,38,37
12-04-2012,CHI,MIA,1,13,0.077,0,3,0,0,0,,1,2,3,8,1,0,3,0,2,-1.8,-27,Yes,W ,10,25,28
15-04-2012,CHI,DET,9,22,0.409,1,4,0.25,5,8,0.625,1,3,4,9,2,2,7,4,24,13.7,25,Yes,W ,6,41,7
21-04-2012,CHI,DAL,5,9,0.556,1,3,0.333,0,0,,0,0,0,8,0,0,1,0,11,11.3,7,Yes,W ,10,31,40
25-04-2012,CHI,IND,3,11,0.273,0,2,0,4,4,1,0,0,0,7,1,0,1,1,10,8,8,Yes,W ,5,26,30
29-10-2013,CHI,MIA,4,15,0.267,1,7,0.143,3,4,0.75,0,1,1,4,0,0,5,2,12,0,-9,Yes,L ,-12,34,21
31-10-2013,CHI,NYK,7,23,0.304,2,5,0.4,2,2,1,3,3,6,3,0,0,4,2,18,5,-1,Yes,W ,1,33,43
02-11-2013,CHI,PHI,4,14,0.286,1,3,0.333,4,4,1,2,2,4,6,0,0,8,2,13,2.2,-11,Yes,L ,-3,32,28
06-11-2013,CHI,IND,6,15,0.4,1,5,0.2,4,5,0.8,0,1,1,2,0,0,4,3,17,5,-28,Yes,L ,-17,27,28
08-11-2013,CHI,UTA,3,8,0.375,1,2,0.5,5,5,1,0,2,2,5,1,1,4,1,12,9,18,Yes,W ,24,27,4
11-11-2013,CHI,CLE,8,21,0.381,0,2,0,0,0,,1,2,3,7,0,0,0,1,16,10.3,9,Yes,W ,15,34,0
16-11-2013,CHI,IND,7,16,0.438,6,11,0.545,0,0,,1,2,3,4,1,0,0,1,20,16.3,12,Yes,W ,16,30,59
18-11-2013,CHI,CHA,4,13,0.308,1,5,0.2,3,4,0.75,0,3,3,5,1,0,3,1,12,6.1,3,Yes,W ,5,30,36
21-11-2013,CHI,DEN,9,20,0.45,1,2,0.5,0,1,0,1,3,4,4,0,0,2,2,19,9.8,-19,Yes,L ,-10,33,5
22-11-2013,CHI,POR,6,19,0.316,2,5,0.4,6,7,0.857,1,4,5,3,2,0,4,0,20,10.7,-8,Yes,L ,-3,27,31
29-10-2014,CHI,NYK,3,7,0.429,0,3,0,7,8,0.875,0,3,3,5,2,0,3,2,13,11.5,4,Yes,W ,24,21,21
31-10-2014,CHI,CLE,8,16,0.5,2,6,0.333,2,3,0.667,3,1,4,4,0,0,2,1,20,14.4,8,Yes,L ,-6,25,18
05-11-2014,CHI,MIL,4,10,0.4,2,5,0.4,3,4,0.75,0,2,2,7,2,0,4,2,13,9.9,19,Yes,W ,9,31,12
10-11-2014,CHI,DET,9,20,0.45,2,5,0.4,4,5,0.8,0,2,2,7,1,0,3,2,24,15.9,14,Yes,W ,11,32,6
13-11-2014,CHI,TOR,5,14,0.357,1,5,0.2,9,10,0.9,2,1,3,4,0,0,5,0,20,11.3,1,Yes,W ,7,29,51
24-11-2014,CHI,UTA,5,10,0.5,3,5,0.6,5,8,0.625,0,3,3,5,1,0,4,0,18,13.2,5,Yes,W ,2,24,37
25-11-2014,CHI,DEN,1,4,0.25,0,3,0,0,0,,0,0,0,3,0,0,1,1,2,0.3,-8,Yes,L ,-5,9,52
28-11-2014,CHI,BOS,9,18,0.5,2,6,0.333,1,2,0.5,1,3,4,4,0,1,1,2,21,14.9,11,Yes,W ,7,27,44
30-11-2014,CHI,BRK,5,12,0.417,2,7,0.286,2,3,0.667,1,5,6,2,0,0,4,1,14,6.4,14,Yes,W ,18,25,56
02-12-2014,CHI,DAL,6,20,0.3,4,11,0.364,2,4,0.5,1,4,5,10,0,0,7,2,18,6.7,-1,Yes,L ,-3,36,33
03-12-2014,CHI,CHO,5,12,0.417,2,7,0.286,3,3,1,0,2,2,5,0,0,2,2,15,9.9,0,Yes,W ,7,27,48
06-12-2014,CHI,GSW,2,11,0.182,1,7,0.143,4,4,1,1,3,4,6,0,0,2,2,9,5.1,-19,Yes,L ,-10,31,11
10-12-2014,CHI,BRK,8,15,0.533,3,7,0.429,4,5,0.8,0,4,4,4,0,0,5,4,23,12.7,20,Yes,W ,25,23,50
12-12-2014,CHI,POR,14,24,0.583,0,2,0,3,3,1,0,3,3,5,1,0,2,2,31,22.4,-5,Yes,W ,9,31,34
14-12-2014,CHI,MIA,6,14,0.429,1,3,0.333,1,2,0.5,0,2,2,3,1,0,1,3,14,7.7,15,Yes,W ,18,27,10
15-12-2014,CHI,ATL,6,21,0.286,0,7,0,2,3,0.667,3,2,5,8,0,1,6,1,14,3.9,-9,Yes,L ,-7,31,30
22-12-2014,CHI,TOR,12,19,0.632,0,3,0,5,6,0.833,0,2,2,3,0,0,2,1,29,20.4,4,Yes,W ,9,30,52
23-12-2014,CHI,WAS,10,17,0.588,1,3,0.333,4,4,1,1,1,2,4,2,0,5,0,25,17.9,2,Yes,W ,8,28,34
25-12-2014,CHI,LAL,7,14,0.5,2,6,0.333,4,4,1,0,2,2,6,1,0,3,0,20,15.8,4,Yes,W ,20,31,47
27-12-2014,CHI,NOP,8,18,0.444,2,5,0.4,1,2,0.5,0,1,1,1,0,0,4,0,19,6.2,-3,Yes,W ,7,27,1
29-12-2014,CHI,IND,5,20,0.25,1,7,0.143,6,6,1,0,3,3,6,0,2,3,0,17,8.5,2,Yes,W ,2,34,50
30-12-2014,CHI,BRK,2,15,0.133,0,5,0,0,0,,1,3,4,5,0,1,4,2,4,-4.7,-2,Yes,L ,-14,27,41
01-01-2015,CHI,DEN,7,25,0.28,1,3,0.333,2,2,1,0,3,3,8,2,2,1,1,17,10.8,1,Yes,W ,5,31,34
03-01-2015,CHI,BOS,5,18,0.278,1,4,0.25,1,2,0.5,0,2,2,1,1,0,4,1,12,-1.1,-5,Yes,W ,5,34,41
05-01-2015,CHI,HOU,6,17,0.353,1,4,0.25,6,6,1,1,2,3,9,2,0,3,1,19,15.7,12,Yes,W ,9,34,5
07-01-2015,CHI,UTA,3,15,0.2,0,1,0,1,2,0.5,2,2,4,2,0,0,3,2,7,-3.1,-18,Yes,L ,-20,30,12
09-01-2015,CHI,WAS,8,19,0.421,1,7,0.143,2,2,1,1,3,4,2,0,1,4,1,19,8.2,-21,Yes,L ,-16,30,58
12-01-2015,CHI,ORL,8,15,0.533,1,5,0.2,1,3,0.333,0,2,2,7,2,0,3,3,18,13.2,-2,Yes,L ,-7,30,28
14-01-2015,CHI,WAS,12,22,0.545,6,9,0.667,2,3,0.667,0,2,2,5,0,0,3,2,32,21.3,-18,Yes,L ,-6,36,3
16-01-2015,CHI,BOS,12,20,0.6,5,8,0.625,0,0,,1,2,3,10,1,2,0,0,29,30.5,9,Yes,W ,16,32,48
17-01-2015,CHI,ATL,8,22,0.364,4,10,0.4,3,5,0.6,2,6,8,10,0,0,3,0,23,17.2,3,Yes,L ,-8,37,6
19-01-2015,CHI,CLE,5,14,0.357,3,5,0.6,5,5,1,0,1,1,2,1,0,1,1,18,11.5,-13,Yes,L ,-14,29,56
22-01-2015,CHI,SAS,9,16,0.563,2,4,0.5,2,2,1,1,1,2,5,2,0,2,1,22,18.5,26,Yes,W ,23,26,39
23-01-2015,CHI,DAL,7,17,0.412,3,5,0.6,3,3,1,2,1,3,3,1,1,5,0,20,11.4,8,Yes,W ,4,37,5
25-01-2015,CHI,MIA,7,17,0.412,0,6,0,5,6,0.833,0,2,2,4,1,1,4,1,19,10.2,-13,Yes,L ,-12,33,17
27-01-2015,CHI,GSW,13,33,0.394,4,12,0.333,0,0,,2,5,7,1,0,1,11,1,30,5,10,Yes,W ,2,42,55
29-01-2015,CHI,LAL,7,26,0.269,1,7,0.143,2,2,1,2,2,4,6,1,0,5,1,17,3.4,-6,Yes,L ,-5,42,28
30-01-2015,CHI,PHO,8,23,0.348,0,6,0,7,9,0.778,2,3,5,3,0,0,3,2,23,9.9,15,Yes,L ,-6,36,19
04-02-2015,CHI,HOU,9,22,0.409,2,9,0.222,3,4,0.75,0,4,4,2,0,0,3,1,23,10,6,Yes,L ,-11,38,3
07-02-2015,CHI,NOP,8,15,0.533,2,5,0.4,2,3,0.667,0,2,2,4,0,0,2,0,20,13.7,23,Yes,W ,35,28,3
08-02-2015,CHI,ORL,4,14,0.286,1,4,0.25,1,2,0.5,0,1,1,11,2,0,3,0,10,8.4,2,Yes,W ,1,34,53
10-02-2015,CHI,SAC,10,17,0.588,1,4,0.25,2,3,0.667,0,1,1,7,2,1,0,0,23,22.6,16,Yes,W ,18,32,36
12-02-2015,CHI,CLE,12,24,0.5,0,2,0,6,6,1,1,3,4,7,1,0,2,3,30,22.3,3,Yes,W ,15,40,35
20-02-2015,CHI,DET,2,9,0.222,0,3,0,4,4,1,0,2,2,2,0,1,6,2,8,-1.6,-19,Yes,L ,-9,31,4
21-02-2015,CHI,PHO,5,12,0.417,1,3,0.333,5,5,1,0,4,4,5,1,0,1,4,16,12.7,8,Yes,W ,5,25,15
23-02-2015,CHI,MIL,1,13,0.077,1,7,0.143,5,6,0.833,3,2,5,8,0,1,3,3,8,3.7,3,Yes,W ,16,32,55
08-04-2015,CHI,ORL,3,9,0.333,1,6,0.167,2,2,1,0,2,2,2,1,0,4,1,9,2.5,-3,Yes,L ,-2,19,24
09-04-2015,CHI,MIA,5,15,0.333,0,3,0,2,2,1,1,3,4,2,0,0,3,0,12,3.5,-2,Yes,W ,11,20,22
11-04-2015,CHI,PHI,8,19,0.421,1,5,0.2,5,7,0.714,0,6,6,8,3,0,0,0,22,21.5,25,Yes,W ,7,28,29
13-04-2015,CHI,BRK,5,13,0.385,2,4,0.5,1,2,0.5,0,3,3,7,1,0,2,1,13,9.9,8,Yes,W ,27,23,4
15-04-2015,CHI,ATL,1,3,0.333,0,2,0,0,0,,0,2,2,1,0,0,4,0,2,-2.4,-11,Yes,W ,6,10,18
27-10-2015,CHI,CLE,8,22,0.364,0,2,0,2,4,0.5,0,1,1,5,1,0,2,0,18,7.8,-1,Yes,W ,2,32,28
28-10-2015,CHI,BRK,5,11,0.455,0,1,0,5,5,1,0,2,2,3,1,0,2,2,15,10.2,18,Yes,W ,15,29,26
30-10-2015,CHI,DET,4,13,0.308,0,1,0,0,0,,0,2,2,6,0,0,5,3,8,-0.9,-14,Yes,L ,-4,34,29
01-11-2015,CHI,ORL,2,8,0.25,0,1,0,2,2,1,0,7,7,8,0,0,3,1,6,5.5,6,Yes,W ,5,32,19
03-11-2015,CHI,CHO,2,8,0.25,0,3,0,0,0,,0,2,2,5,0,0,2,0,4,1.3,-16,Yes,L ,-25,23,52
05-11-2015,CHI,OKC,12,25,0.48,0,1,0,5,6,0.833,1,4,5,6,0,0,2,1,29,19.6,4,Yes,W ,6,37,29
07-11-2015,CHI,MIN,3,13,0.231,1,4,0.25,4,5,0.8,0,3,3,5,1,0,5,1,11,2.7,-21,Yes,L ,-9,38,7
09-11-2015,CHI,PHI,6,14,0.429,0,3,0,0,1,0,2,3,5,8,0,1,2,0,12,10.8,14,Yes,W ,23,27,33
13-11-2015,CHI,CHO,4,14,0.286,0,2,0,2,2,1,0,1,1,8,1,1,3,2,10,5.6,-2,Yes,W ,5,34,39
16-11-2015,CHI,IND,9,18,0.5,2,2,1,3,4,0.75,1,1,2,6,2,1,0,3,23,20.3,5,Yes,W ,1,33,13
24-11-2015,CHI,POR,7,20,0.35,1,3,0.333,2,2,1,0,4,4,6,0,0,2,3,17,8,11,Yes,W ,5,34,31
27-11-2015,CHI,IND,4,16,0.25,2,5,0.4,0,0,,1,5,6,5,1,1,3,1,10,4.4,-19,Yes,L ,-12,31,15
30-11-2015,CHI,SAS,5,17,0.294,0,2,0,1,2,0.5,0,4,4,6,1,1,1,1,11,6.4,-5,Yes,W ,3,34,8
02-12-2015,CHI,DEN,3,17,0.176,0,2,0,6,8,0.75,0,2,2,9,0,0,2,2,12,4.6,9,Yes,W ,9,37,0
05-12-2015,CHI,CHO,8,17,0.471,3,6,0.5,0,1,0,0,7,7,5,0,0,2,2,19,12.7,-11,Yes,L ,-6,34,14
07-12-2015,CHI,PHO,7,18,0.389,0,3,0,0,0,,1,5,6,4,3,1,5,3,14,6.7,2,Yes,L ,-2,34,12
09-12-2015,CHI,BOS,5,11,0.455,1,3,0.333,1,4,0.25,0,2,2,6,0,1,3,0,12,7.6,-3,Yes,L ,-5,36,30
10-12-2015,CHI,LAC,5,11,0.455,1,3,0.333,0,0,,0,3,3,2,1,0,3,0,11,5.6,-3,Yes,W ,3,27,32
12-12-2015,CHI,NOP,4,10,0.4,0,0,,1,2,0.5,0,3,3,3,1,0,1,0,9,6.2,0,Yes,W ,4,28,43
14-12-2015,CHI,PHI,2,3,0.667,0,0,,2,2,1,0,1,1,4,0,0,2,1,6,5.4,5,Yes,W ,19,26,26
16-12-2015,CHI,MEM,9,19,0.474,0,3,0,1,3,0.333,0,2,2,5,1,0,3,1,19,10.2,10,Yes,W ,13,33,6
18-12-2015,CHI,DET,14,34,0.412,1,3,0.333,5,5,1,0,4,4,8,1,0,4,5,34,17.6,5,Yes,L ,-3,54,13
19-12-2015,CHI,NYK,3,10,0.3,0,2,0,0,1,0,2,0,2,1,0,0,2,0,6,-0.1,-2,Yes,L ,-16,21,2
21-12-2015,CHI,BRK,3,11,0.273,1,3,0.333,1,2,0.5,1,3,4,5,2,0,3,1,8,4.8,-9,Yes,L ,-3,32,31
25-12-2015,CHI,OKC,7,18,0.389,0,1,0,5,6,0.833,1,3,4,1,0,0,4,6,19,4.7,10,Yes,W ,9,30,4
26-12-2015,CHI,DAL,12,20,0.6,0,1,0,1,1,1,1,4,5,4,0,0,3,1,25,17.1,-5,Yes,L ,-7,36,34
28-12-2015,CHI,TOR,7,16,0.438,3,5,0.6,3,4,0.75,0,1,1,4,0,1,1,1,20,13.6,0,Yes,W ,7,28,48
05-01-2016,CHI,MIL,8,17,0.471,0,4,0,0,0,,0,1,1,6,0,0,5,1,16,6.4,15,Yes,W ,11,34,32
07-01-2016,CHI,BOS,9,16,0.563,0,1,0,0,0,,2,5,7,3,0,0,2,4,18,11.8,6,Yes,W ,9,34,27
09-01-2016,CHI,ATL,5,15,0.333,0,0,,7,8,0.875,2,1,3,5,2,1,6,1,17,9.6,-9,Yes,L ,-15,35,29
11-01-2016,CHI,WAS,8,13,0.615,2,3,0.667,5,5,1,0,0,0,1,0,1,4,0,23,14.5,-25,Yes,L ,-14,31,3
12-01-2016,CHI,MIL,3,9,0.333,1,3,0.333,2,2,1,1,0,1,3,1,0,3,2,9,3.9,-9,Yes,L ,-5,22,29
15-01-2016,CHI,DAL,8,18,0.444,0,2,0,2,2,1,1,3,4,2,2,0,1,1,18,12.2,3,Yes,L ,-6,33,22
18-01-2016,CHI,DET,9,17,0.529,1,2,0.5,1,1,1,0,1,1,4,0,0,1,0,20,13.8,-8,Yes,W ,10,27,26
20-01-2016,CHI,GSW,12,22,0.545,0,2,0,5,5,1,0,1,1,2,0,0,2,3,29,16.9,-10,Yes,L ,-31,30,10
22-01-2016,CHI,BOS,10,21,0.476,3,4,0.75,4,4,1,2,5,7,3,0,0,4,2,27,16.5,-15,Yes,L ,-9,36,8
23-01-2016,CHI,CLE,5,21,0.238,0,1,0,2,2,1,1,3,4,4,0,1,1,1,12,3,-1,Yes,W ,13,35,16
25-01-2016,CHI,MIA,2,6,0.333,0,0,,0,0,,0,0,0,1,0,0,0,0,4,1.3,-2,Yes,L ,-5,13,1
28-01-2016,CHI,LAL,7,12,0.583,0,2,0,2,2,1,0,7,7,5,1,0,1,2,16,15.2,15,Yes,W ,23,28,42
31-01-2016,CHI,LAC,10,17,0.588,0,0,,0,0,,0,5,5,4,0,0,3,2,20,12.6,-14,Yes,L ,-27,33,3
01-02-2016,CHI,UTA,6,21,0.286,1,4,0.25,1,2,0.5,1,2,3,4,1,1,3,3,14,2.9,-14,Yes,L ,-9,36,50
03-02-2016,CHI,SAC,6,15,0.4,0,1,0,9,10,0.9,2,4,6,9,2,0,7,1,21,16,7,Yes,W ,5,35,24
05-02-2016,CHI,DEN,13,27,0.481,0,3,0,4,6,0.667,2,7,9,8,1,0,2,1,30,23.2,-7,Yes,L ,-5,35,20
06-02-2016,CHI,MIN,6,20,0.3,0,3,0,6,7,0.857,3,2,5,10,1,0,3,3,18,12.5,-3,Yes,L ,-7,32,57
10-02-2016,CHI,ATL,6,18,0.333,2,2,1,0,0,,2,3,5,3,1,0,2,2,14,6.4,-14,Yes,L ,-23,28,48
18-02-2016,CHI,CLE,11,19,0.579,2,3,0.667,4,4,1,0,7,7,2,1,0,3,0,28,20.6,-15,Yes,L ,-11,30,21
19-02-2016,CHI,TOR,12,20,0.6,1,2,0.5,1,2,0.5,2,1,3,6,0,0,4,1,26,17.9,4,Yes,W ,10,34,41
21-02-2016,CHI,LAL,8,15,0.533,0,1,0,8,8,1,3,4,7,6,0,0,2,2,24,21.4,-4,Yes,W ,11,30,49
01-03-2016,CHI,MIA,6,11,0.545,1,1,1,4,7,0.571,0,0,0,3,1,0,3,0,17,10.6,-19,Yes,L ,-18,24,10
02-03-2016,CHI,ORL,7,14,0.5,0,0,,2,2,1,0,4,4,6,1,0,2,0,16,13.4,-14,Yes,L ,-13,24,51
05-03-2016,CHI,HOU,6,10,0.6,2,4,0.5,3,4,0.75,0,3,3,9,0,1,6,1,17,13.5,6,Yes,W ,8,29,15
07-03-2016,CHI,MIL,9,18,0.5,2,6,0.333,2,2,1,1,0,1,7,1,0,6,1,22,13.2,20,Yes,W ,10,38,56
10-03-2016,CHI,SAS,9,21,0.429,1,2,0.5,2,2,1,2,1,3,6,0,0,2,0,21,13.8,-1,Yes,L ,-8,35,47
16-03-2016,CHI,WAS,7,19,0.368,0,1,0,2,2,1,0,3,3,4,2,0,4,0,16,7.2,-5,Yes,L ,-21,29,4
17-03-2016,CHI,BRK,5,12,0.417,1,1,1,1,1,1,0,3,3,5,1,0,1,1,12,9.6,-3,Yes,W ,16,29,7
19-03-2016,CHI,UTA,10,15,0.667,2,2,1,0,0,,1,2,3,4,0,0,3,2,22,15.8,5,Yes,W ,7,30,38
21-03-2016,CHI,SAC,9,15,0.6,0,1,0,0,2,0,0,5,5,4,1,0,1,0,18,14.6,18,Yes,W ,7,33,4
23-03-2016,CHI,NYK,9,17,0.529,2,5,0.4,1,1,1,0,3,3,4,0,0,0,1,21,16,-4,Yes,L ,-8,31,36
24-03-2016,CHI,NYK,13,24,0.542,1,4,0.25,3,4,0.75,0,2,2,3,2,0,1,1,30,21.3,-6,Yes,L ,-12,38,58
26-03-2016,CHI,ORL,4,14,0.286,1,4,0.25,0,2,0,2,1,3,2,0,0,4,0,9,-0.9,-13,Yes,L ,-22,29,26
28-03-2016,CHI,ATL,8,25,0.32,2,4,0.5,2,2,1,2,3,5,5,2,1,1,1,20,12.8,-1,Yes,L ,-2,34,3
29-03-2016,CHI,IND,4,15,0.267,0,2,0,0,0,,0,1,1,4,0,0,0,2,8,1.4,-13,Yes,W ,2,28,52
31-03-2016,CHI,HOU,0,0,,0,0,,0,0,,0,0,0,2,0,0,3,0,0,-1.6,-1,Yes,W ,3,11,57
05-04-2016,CHI,MEM,5,15,0.333,0,3,0,2,2,1,2,3,5,8,1,0,5,1,12,7,-6,Yes,L ,-16,35,13
07-04-2016,CHI,MIA,7,16,0.438,0,0,,3,4,0.75,1,2,3,3,2,0,2,0,17,11.6,3,Yes,L ,-8,35,42
09-04-2016,CHI,CLE,5,14,0.357,0,2,0,0,0,,0,2,2,3,0,0,2,0,10,2.9,-20,Yes,W ,3,32,5
25-10-2016,NYK,CLE,7,17,0.412,1,2,0.5,2,2,1,2,1,3,1,0,1,4,1,17,6.6,-19,Yes,L ,-29,29,35
29-10-2016,NYK,MEM,6,13,0.462,0,1,0,1,2,0.5,1,3,4,3,2,1,0,2,13,11.5,7,Yes,W ,7,32,16
01-11-2016,NYK,DET,8,17,0.471,0,1,0,3,3,1,1,4,5,2,0,1,2,0,19,12.3,-4,Yes,L ,-13,31,41
02-11-2016,NYK,HOU,8,18,0.444,0,0,,0,0,,1,3,4,4,2,0,2,2,16,10.2,-15,Yes,L ,-19,29,44
04-11-2016,NYK,CHI,6,16,0.375,0,0,,3,3,1,0,7,7,11,1,1,3,2,15,13.9,12,Yes,W ,13,38,6
06-11-2016,NYK,UTA,7,14,0.5,0,0,,4,4,1,2,2,4,8,1,0,4,3,18,14.4,1,Yes,L ,-5,36,11
09-11-2016,NYK,BRK,6,10,0.6,1,1,1,1,2,0.5,1,2,3,4,0,0,2,1,14,10.7,-10,Yes,W ,14,22,11
11-11-2016,NYK,BOS,3,10,0.3,1,3,0.333,4,4,1,0,4,4,6,0,0,7,4,11,2,-10,Yes,L ,-28,27,6
12-11-2016,NYK,TOR,10,20,0.5,0,3,0,1,2,0.5,2,2,4,4,0,0,4,0,21,11.4,0,Yes,L ,-11,38,8
14-11-2016,NYK,DAL,1,6,0.167,0,1,0,1,2,0.5,0,4,4,5,0,0,5,4,3,-3.1,20,Yes,W ,16,27,32
16-11-2016,NYK,DET,7,15,0.467,0,2,0,1,2,0.5,0,5,5,3,0,1,1,1,15,9.8,2,Yes,W ,3,34,19
17-11-2016,NYK,WAS,8,18,0.444,3,5,0.6,8,8,1,2,0,2,4,1,0,2,1,27,20.4,-8,Yes,L ,-7,38,37
20-11-2016,NYK,ATL,5,14,0.357,0,2,0,4,4,1,1,2,3,7,0,0,4,0,14,8.4,12,Yes,W ,10,29,50
22-11-2016,NYK,POR,8,15,0.533,0,0,,2,2,1,2,2,4,5,2,1,1,4,18,16.3,-3,Yes,W ,4,28,5
25-11-2016,NYK,CHO,6,13,0.462,0,1,0,4,5,0.8,2,1,3,5,1,1,3,1,16,12.4,7,Yes,W ,2,38,7
26-11-2016,NYK,CHO,6,20,0.3,1,3,0.333,5,6,0.833,5,3,8,8,2,2,1,3,18,17.2,-9,Yes,L ,-5,34,9
28-11-2016,NYK,OKC,10,20,0.5,0,2,0,10,10,1,2,5,7,4,0,0,1,0,30,24.7,-1,Yes,L ,-9,38,2
30-11-2016,NYK,MIN,5,12,0.417,1,3,0.333,0,0,,0,0,0,2,1,0,2,4,11,3.4,-9,Yes,W ,2,23,35
02-12-2016,NYK,MIN,9,15,0.6,0,1,0,6,10,0.6,1,4,5,5,1,0,1,1,24,20.5,13,Yes,W ,4,33,54
04-12-2016,NYK,SAC,9,14,0.643,0,0,,2,3,0.667,2,4,6,6,0,0,4,1,20,15.8,-2,Yes,W ,8,33,37
06-12-2016,NYK,MIA,4,12,0.333,0,1,0,2,2,1,1,1,2,3,2,0,1,0,10,7.3,7,Yes,W ,11,24,55
11-12-2016,NYK,LAL,12,16,0.75,0,1,0,1,2,0.5,0,3,3,2,0,1,2,1,25,18.8,13,Yes,W ,6,33,55
13-12-2016,NYK,PHO,0,6,0,0,1,0,2,2,1,0,1,1,0,0,0,0,0,2,-1.9,-5,Yes,L ,-2,9,54
20-12-2016,NYK,IND,9,18,0.5,0,0,,6,7,0.857,0,4,4,6,0,2,4,0,24,17.4,10,Yes,W ,7,35,54
22-12-2016,NYK,ORL,7,16,0.438,1,2,0.5,4,4,1,1,4,5,3,0,0,0,2,19,13.8,-4,Yes,W ,11,26,2
25-12-2016,NYK,BOS,10,19,0.526,0,0,,5,6,0.833,3,2,5,3,0,0,3,3,25,15.9,-5,Yes,L ,-5,37,50
28-12-2016,NYK,ATL,9,28,0.321,0,2,0,8,9,0.889,2,5,7,6,0,0,2,3,26,13.5,6,Yes,L ,-4,42,33
30-12-2016,NYK,NOP,9,21,0.429,1,2,0.5,1,1,1,0,2,2,1,3,0,4,2,20,8.4,-7,Yes,L ,-12,38,18
31-12-2016,NYK,HOU,8,23,0.348,1,3,0.333,4,5,0.8,2,3,5,7,2,0,0,0,21,16.9,-9,Yes,L ,-7,40,43
02-01-2017,NYK,ORL,8,15,0.533,0,1,0,2,2,1,2,1,3,4,0,0,3,0,18,12.2,-8,Yes,L ,-12,28,14
04-01-2017,NYK,MIL,7,18,0.389,1,2,0.5,0,0,,0,3,3,4,1,0,5,0,15,4.9,7,Yes,L ,-1,33,21
06-01-2017,NYK,MIL,4,14,0.286,0,1,0,4,4,1,0,2,2,8,0,0,1,1,12,8.6,-2,Yes,W ,5,31,46
07-01-2017,NYK,IND,6,12,0.5,0,2,0,2,2,1,0,2,2,3,2,0,2,2,14,9.9,-7,Yes,L ,-14,25,54
11-01-2017,NYK,PHI,11,16,0.688,0,0,,3,4,0.75,0,2,2,4,1,0,2,1,25,19.8,-21,Yes,L ,-1,31,41
12-01-2017,NYK,CHI,7,15,0.467,0,0,,3,3,1,0,4,4,3,0,0,2,0,17,10.6,15,Yes,W ,15,34,12
15-01-2017,NYK,TOR,6,12,0.5,0,0,,4,5,0.8,0,2,2,3,0,1,2,0,16,11,-23,Yes,L ,-15,29,29
16-01-2017,NYK,ATL,8,16,0.5,0,0,,2,4,0.5,1,3,4,9,1,1,6,4,18,11.2,3,Yes,L ,-1,31,59
18-01-2017,NYK,BOS,13,24,0.542,0,0,,4,4,1,4,6,10,5,2,2,4,3,30,24.7,-1,Yes,W ,11,32,46
19-01-2017,NYK,WAS,7,16,0.438,0,0,,6,6,1,2,3,5,2,0,0,1,0,20,14.3,-12,Yes,L ,-3,31,34
21-01-2017,NYK,PHO,12,26,0.462,0,1,0,2,2,1,3,0,3,5,0,0,0,2,26,17.4,1,Yes,L ,-2,36,5
23-01-2017,NYK,IND,7,16,0.438,0,1,0,6,6,1,0,3,3,6,0,0,4,1,20,12.3,8,Yes,W ,6,40,23
25-01-2017,NYK,DAL,6,15,0.4,1,1,1,0,0,,2,1,3,3,0,0,3,2,13,4.9,-13,Yes,L ,-8,35,4
27-01-2017,NYK,CHO,5,10,0.5,0,0,,3,3,1,1,1,2,4,2,0,2,2,13,11,-14,Yes,W ,3,21,37
06-02-2017,NYK,LAL,2,8,0.25,0,1,0,1,1,1,0,4,4,3,0,0,3,2,5,-0.3,-12,Yes,L ,-14,31,34
08-02-2017,NYK,LAC,10,16,0.625,0,1,0,0,0,,2,5,7,8,1,0,3,1,20,18.9,-9,Yes,L ,-4,37,21
10-02-2017,NYK,DEN,6,9,0.667,0,0,,1,1,1,1,2,3,4,1,0,1,0,13,13.2,-15,Yes,L ,-8,27,54
12-02-2017,NYK,SAS,6,11,0.545,0,0,,6,8,0.75,0,4,4,2,0,1,3,0,18,12.2,6,Yes,W ,4,30,21
15-02-2017,NYK,OKC,11,21,0.524,0,0,,3,3,1,1,3,4,7,2,0,3,2,25,19.4,-10,Yes,L ,-11,38,12
23-02-2017,NYK,CLE,6,14,0.429,0,0,,1,1,1,0,2,2,4,0,0,1,1,13,7.6,-12,Yes,L ,-15,31,58
25-02-2017,NYK,PHI,8,17,0.471,0,1,0,2,2,1,0,5,5,3,0,0,1,1,18,11.5,1,Yes,W ,1,36,1
27-02-2017,NYK,TOR,5,12,0.417,0,1,0,6,6,1,0,6,6,4,2,0,3,3,16,12,8,Yes,L ,-1,40,16
01-03-2017,NYK,ORL,8,14,0.571,0,1,0,3,5,0.6,2,6,8,4,1,0,3,1,19,15.2,17,Yes,W ,11,32,38
03-03-2017,NYK,PHI,5,13,0.385,0,0,,10,13,0.769,1,3,4,5,2,0,3,0,20,15.8,6,Yes,L ,-3,38,0
05-03-2017,NYK,GSW,9,18,0.5,0,1,0,10,11,0.909,0,1,1,4,1,0,2,4,28,19.1,-8,Yes,L ,-7,34,46
06-03-2017,NYK,ORL,2,9,0.222,0,0,,8,8,1,0,5,5,6,0,0,2,0,12,10.2,-23,Yes,W ,8,27,14
08-03-2017,NYK,MIL,13,16,0.813,0,0,,0,0,,0,1,1,6,0,0,2,0,26,22.5,4,Yes,L ,-11,38,43
11-03-2017,NYK,DET,5,12,0.417,0,1,0,1,2,0.5,1,1,2,2,1,0,4,0,11,3.6,-11,Yes,L ,-20,26,54
12-03-2017,NYK,BRK,5,15,0.333,0,0,,7,8,0.875,3,2,5,2,2,0,0,2,17,13.4,-6,Yes,L ,-8,37,9
14-03-2017,NYK,IND,7,12,0.583,0,1,0,2,2,1,0,2,2,4,0,0,0,0,16,13.8,-1,Yes,W ,6,31,56
16-03-2017,NYK,BRK,7,17,0.412,0,0,,8,9,0.889,0,2,2,2,0,0,2,2,22,11.7,-13,Yes,L ,-11,33,17
20-03-2017,NYK,LAC,6,11,0.545,0,0,,6,6,1,1,3,4,5,0,0,1,1,18,16.4,-20,Yes,L ,-9,27,34
22-03-2017,NYK,UTA,7,12,0.583,0,0,,3,3,1,0,1,1,6,0,0,3,0,17,12.9,-5,Yes,L ,-7,32,17
25-03-2017,NYK,SAS,10,22,0.455,0,0,,4,4,1,3,2,5,5,0,0,1,0,24,17.8,2,Yes,L ,-8,36,14
27-03-2017,NYK,DET,12,17,0.706,0,0,,3,3,1,0,4,4,6,1,0,0,0,27,26.3,13,Yes,W ,14,32,38
17-10-2017,CLE,BOS,5,14,0.357,1,3,0.333,3,4,0.75,1,3,4,2,0,0,2,2,14,6,-7,Yes,W ,3,31,15
20-10-2017,CLE,MIL,3,4,0.75,0,0,,6,6,1,1,1,2,1,2,0,1,0,12,13.1,9,Yes,W ,19,22,53
29-10-2017,CLE,NYK,6,14,0.429,0,2,0,3,3,1,1,2,3,3,0,0,4,1,15,6.6,-22,Yes,L ,-19,31,0
01-11-2017,CLE,IND,9,13,0.692,0,0,,1,2,0.5,1,3,4,1,0,0,2,2,19,12.6,-10,Yes,L ,-17,28,51
03-11-2017,CLE,WAS,8,16,0.5,2,4,0.5,2,2,1,1,0,1,2,0,0,2,2,20,11.3,5,Yes,W ,8,28,33
05-11-2017,CLE,ATL,4,12,0.333,0,3,0,2,2,1,2,1,3,1,0,1,4,4,10,0.7,-27,Yes,L ,-2,19,43
07-11-2017,CLE,MIL,4,10,0.4,0,1,0,2,2,1,0,1,1,2,0,0,4,0,10,2.3,0,Yes,W ,5,25,23
18-01-2018,CLE,ORL,3,6,0.5,0,1,0,3,4,0.75,1,2,3,1,0,1,2,0,9,6.3,5,Yes,W ,1,13,13
20-01-2018,CLE,OKC,5,9,0.556,0,1,0,2,2,1,0,2,2,3,0,0,1,1,12,9,-1,Yes,L ,-24,21,10
23-01-2018,CLE,SAS,1,1,1,0,0,,4,4,1,0,0,0,1,0,1,4,0,6,3.1,1,Yes,L ,-12,12,58
26-01-2018,CLE,IND,6,8,0.75,2,3,0.667,0,0,,0,2,2,2,1,0,1,0,14,12.8,12,Yes,W ,7,15,1
28-01-2018,CLE,DET,0,2,0,0,0,,2,2,1,0,0,0,0,0,0,0,0,2,0.6,-1,Yes,W ,17,8,36
31-01-2018,CLE,MIA,0,2,0,0,1,0,1,2,0.5,0,0,0,0,0,0,0,0,1,-0.8,2,Yes,W ,2,5,26
03-02-2018,CLE,HOU,3,11,0.273,1,4,0.25,3,4,0.75,1,2,3,2,0,1,1,1,10,5.1,-14,Yes,L ,-32,21,25
06-02-2018,CLE,ORL,0,7,0,0,1,0,0,0,,1,0,1,2,0,0,0,1,0,-3.2,1,Yes,L ,-18,14,44
07-02-2018,CLE,MIN,1,3,0.333,0,0,,1,2,0.5,0,0,0,3,0,0,0,0,3,3,3,Yes,W ,2,7,26
11-03-2018,MIN,GSW,1,5,0.2,0,0,,0,0,,1,0,1,2,0,0,2,0,2,-1,-17,Yes,W ,6,6,36
13-03-2018,MIN,WAS,0,2,0,0,1,0,0,0,,0,1,1,0,1,0,0,0,0,-0.1,1,Yes,W ,5,10,33
17-03-2018,MIN,SAS,4,9,0.444,0,1,0,0,0,,1,0,1,2,1,0,0,0,8,6.4,-21,Yes,L ,-16,15,9
18-03-2018,MIN,HOU,6,11,0.545,0,1,0,2,2,1,1,0,1,3,0,0,1,0,14,10.5,-1,Yes,L ,-9,19,18
20-03-2018,MIN,LAC,4,6,0.667,0,0,,1,1,1,0,0,0,1,0,0,1,1,9,5.7,7,Yes,W ,14,6,32
05-04-2018,MIN,DEN,2,5,0.4,0,0,,0,0,,0,0,0,0,0,0,1,0,4,0.3,11,Yes,L ,-4,14,35
06-04-2018,MIN,LAL,0,4,0,0,0,,0,0,,0,0,0,0,1,0,0,0,0,-1.8,-7,Yes,W ,17,5,42
09-04-2018,MIN,MEM,5,10,0.5,1,2,0.5,2,2,1,0,1,1,3,0,0,2,0,13,8.4,11,Yes,W ,19,21,49
11-04-2018,MIN,DEN,1,2,0.5,0,1,0,0,0,,0,1,1,0,1,0,0,1,2,1.9,7,Yes,W ,6,11,23
17-10-2018,MIN,SAS,3,12,0.25,0,2,0,2,2,1,3,1,4,2,0,0,1,2,8,2.8,-1,Yes,L ,-4,30,31
19-10-2018,MIN,CLE,3,6,0.5,0,1,0,6,6,1,1,3,4,8,0,0,0,2,12,15.4,20,Yes,W ,8,23,23
20-10-2018,MIN,DAL,11,21,0.524,2,5,0.4,4,6,0.667,2,3,5,5,2,1,3,3,28,21.2,-10,Yes,L ,-4,32,23
22-10-2018,MIN,IND,4,12,0.333,0,4,0,3,3,1,0,2,2,5,1,0,1,0,11,8.3,3,Yes,W ,10,26,54
24-10-2018,MIN,TOR,7,16,0.438,2,3,0.667,0,0,,1,2,3,5,0,0,2,1,16,10,-8,Yes,L ,-7,29,43
26-10-2018,MIN,MIL,5,13,0.385,1,3,0.333,3,5,0.6,0,3,3,2,2,0,0,1,14,10,-10,Yes,L ,-30,26,43
29-10-2018,MIN,LAL,4,16,0.25,0,1,0,3,5,0.6,4,3,7,7,0,0,2,0,11,7.2,2,Yes,W ,4,29,17
31-10-2018,MIN,UTA,19,31,0.613,4,7,0.571,8,11,0.727,0,4,4,6,1,1,6,4,50,34.2,10,Yes,W ,3,40,51
02-11-2018,MIN,GSW,1,1,1,1,1,1,0,0,,0,0,0,2,0,0,0,0,3,4.1,3,Yes,L ,-17,4,43
05-11-2018,MIN,LAC,8,20,0.4,1,3,0.333,4,4,1,1,2,3,4,0,0,2,2,21,11.5,-8,Yes,L ,-11,34,56
07-11-2018,MIN,LAL,11,17,0.647,7,9,0.778,2,2,1,1,2,3,5,0,0,4,1,31,23.9,11,Yes,L ,-4,36,32
09-11-2018,MIN,SAC,7,16,0.438,3,6,0.5,4,4,1,0,6,6,5,1,0,3,4,21,14.3,9,Yes,L ,-11,34,36
12-11-2018,MIN,BRK,8,18,0.444,3,5,0.6,4,4,1,0,2,2,6,1,1,3,0,23,17.1,3,Yes,W ,7,38,56
16-11-2018,MIN,POR,7,13,0.538,0,1,0,3,4,0.75,0,7,7,6,0,0,2,0,17,14.6,11,Yes,W ,16,33,57
18-11-2018,MIN,MEM,6,11,0.545,2,4,0.5,4,4,1,0,3,3,3,1,0,2,0,18,14.7,3,Yes,L ,-13,29,49
21-11-2018,MIN,DEN,6,11,0.545,2,6,0.333,6,6,1,2,2,4,4,1,0,1,0,20,19.5,-4,Yes,L ,-2,29,25
23-11-2018,MIN,BRK,11,17,0.647,2,2,1,1,1,1,0,2,2,3,0,0,2,2,25,17.4,-10,Yes,W ,10,29,27
24-11-2018,MIN,CHI,9,13,0.692,2,4,0.5,2,2,1,0,2,2,4,0,1,1,1,22,19.2,18,Yes,W ,15,31,8
26-11-2018,MIN,CLE,6,13,0.462,0,2,0,0,0,,0,1,1,4,0,1,0,0,12,9.1,5,Yes,W ,7,29,11
28-11-2018,MIN,SAS,6,8,0.75,4,5,0.8,0,0,,0,1,1,2,0,0,0,1,16,14.1,13,Yes,W ,39,17,56
01-12-2018,MIN,BOS,11,18,0.611,2,3,0.667,2,2,1,0,0,0,4,1,0,3,1,26,18.2,-13,Yes,L ,-9,29,25
03-12-2018,MIN,HOU,0,4,0,0,1,0,0,0,,0,3,3,5,0,0,1,1,0,0.2,13,Yes,W ,12,25,17
05-12-2018,MIN,CHO,8,15,0.533,0,2,0,0,2,0,1,0,1,3,0,0,1,0,16,9.7,9,Yes,W ,17,25,31
08-12-2018,MIN,POR,9,25,0.36,0,1,0,0,0,,2,1,3,9,3,1,2,4,18,12.2,-12,Yes,L ,-8,37,17
10-12-2018,MIN,GSW,8,18,0.444,2,3,0.667,3,3,1,1,2,3,4,2,2,3,0,21,16.1,0,Yes,L ,-8,34,3
12-12-2018,MIN,SAC,8,13,0.615,1,2,0.5,3,4,0.75,0,1,1,4,0,0,1,2,20,15,-8,Yes,L ,-11,22,6
15-12-2018,MIN,PHO,11,16,0.688,2,3,0.667,1,1,1,0,1,1,1,2,0,2,0,25,19.2,-2,Yes,L ,-8,32,46
17-12-2018,MIN,SAC,3,12,0.25,1,3,0.333,6,8,0.75,1,1,2,11,0,0,2,2,13,10.9,-3,Yes,W ,27,24,26
19-12-2018,MIN,DET,14,29,0.483,1,4,0.25,4,4,1,0,3,3,7,1,0,2,3,33,21.9,-13,Yes,L ,-6,38,13
21-12-2018,MIN,SAS,1,8,0.125,0,0,,2,2,1,0,2,2,1,0,1,1,0,4,-0.2,-7,Yes,L ,-26,15,53
26-12-2018,MIN,CHI,11,19,0.579,1,5,0.2,1,1,1,0,3,3,8,2,0,2,0,24,21.6,19,Yes,W ,25,38,11
28-12-2018,MIN,ATL,10,24,0.417,3,5,0.6,2,3,0.667,1,2,3,9,2,0,2,3,25,18.2,3,Yes,L ,-3,38,46
11-01-2019,MIN,DAL,8,16,0.5,3,5,0.6,2,2,1,0,3,3,5,0,1,2,0,21,16.1,1,Yes,L ,-4,27,30
15-01-2019,MIN,PHI,6,13,0.462,1,5,0.2,2,2,1,1,1,2,4,0,0,0,1,15,11.7,-24,Yes,L ,-42,21,35
18-01-2019,MIN,SAS,6,16,0.375,0,3,0,11,11,1,1,2,3,6,0,0,1,2,23,17.9,-4,Yes,L ,-3,26,41
20-01-2019,MIN,PHO,12,24,0.5,0,4,0,7,9,0.778,0,4,4,3,0,0,1,1,31,20.1,1,Yes,W ,2,37,36
22-01-2019,MIN,PHO,3,9,0.333,0,3,0,0,0,,1,0,1,5,1,0,1,0,6,5.1,17,Yes,W ,27,23,14
24-01-2019,MIN,LAL,3,7,0.429,0,1,0,0,0,,1,2,3,3,0,0,2,0,6,3.7,-2,Yes,W ,15,12,11
02-02-2019,MIN,DEN,4,10,0.4,0,2,0,0,0,,0,2,2,5,1,0,1,0,8,6.7,-2,Yes,L ,-1,20,25
11-02-2019,MIN,LAC,9,18,0.5,0,2,0,4,5,0.8,0,1,1,6,1,1,1,0,22,17.8,2,Yes,W ,10,24,35
13-02-2019,MIN,HOU,5,13,0.385,0,1,0,2,2,1,1,2,3,4,0,0,2,1,12,6.6,7,Yes,W ,10,22,45
22-02-2019,MIN,NYK,6,14,0.429,0,2,0,8,8,1,1,1,2,3,3,0,3,2,20,14.9,2,Yes,W ,11,23,22
23-02-2019,MIN,MIL,10,15,0.667,0,2,0,3,3,1,0,2,2,4,0,0,2,0,23,17.9,15,Yes,L ,-12,23,11
25-02-2019,MIN,SAC,8,17,0.471,1,3,0.333,3,5,0.6,1,4,5,1,0,0,4,1,20,8.7,-6,Yes,W ,7,24,56
27-02-2019,MIN,ATL,7,17,0.412,0,0,,4,5,0.8,1,5,6,6,0,0,0,2,18,14.1,8,Yes,L ,-8,26,31
28-02-2019,MIN,IND,5,10,0.5,0,2,0,0,0,,0,1,1,0,0,1,0,1,10,5.6,-13,Yes,L ,-7,23,32
03-03-2019,MIN,WAS,8,17,0.471,0,1,0,2,2,1,1,1,2,3,0,0,1,1,18,11,-7,Yes,L ,-14,24,19
05-03-2019,MIN,OKC,8,14,0.571,0,1,0,3,3,1,1,3,4,2,0,0,1,2,19,13.6,-4,Yes,W ,11,19,47
06-03-2019,MIN,DET,4,9,0.444,0,1,0,0,0,,0,1,1,2,0,0,0,2,8,4.2,-12,Yes,L ,-17,19,23
09-03-2019,MIN,WAS,13,23,0.565,0,2,0,3,4,0.75,1,2,3,3,1,0,2,1,29,19.7,10,Yes,W ,5,30,24
10-03-2019,MIN,NYK,2,5,0.4,0,0,,0,0,,1,0,1,1,1,0,1,0,4,2.7,1,Yes,W ,11,7,58
23-10-2019,DET,IND,6,11,0.545,0,0,,6,7,0.857,1,2,3,9,0,0,4,1,18,15.5,5,Yes,W ,9,26,35
24-10-2019,DET,ATL,11,16,0.688,0,1,0,5,5,1,0,1,1,3,0,0,3,1,27,19.2,-8,Yes,L ,-17,25,16
26-10-2019,DET,PHI,14,21,0.667,1,1,1,2,2,1,0,3,3,3,3,2,6,2,31,22.5,-3,Yes,L ,-6,26,44
28-10-2019,DET,IND,4,16,0.25,0,0,,2,2,1,1,0,1,6,0,0,4,2,10,0.5,-1,Yes,W ,2,26,4
30-10-2019,DET,TOR,7,12,0.583,0,2,0,2,2,1,0,0,0,10,0,0,2,0,16,15.4,1,Yes,L ,-12,20,32
01-11-2019,DET,CHI,8,13,0.615,0,0,,7,9,0.778,0,1,1,7,3,1,4,2,23,20.4,6,Yes,L ,-6,24,40
11-11-2019,DET,MIN,3,13,0.231,0,2,0,0,0,,1,2,3,5,2,1,0,0,6,5.6,1,Yes,L ,-6,19,54
15-11-2019,DET,CHO,6,7,0.857,2,2,1,2,2,1,0,2,2,3,0,0,6,2,16,9.4,-3,Yes,L ,-3,26,2
20-11-2019,DET,CHI,5,11,0.455,0,2,0,8,9,0.889,1,2,3,2,1,0,3,2,18,11.8,5,Yes,L ,-20,24,26
22-11-2019,DET,ATL,4,6,0.667,3,4,0.75,0,0,,0,1,1,2,1,1,1,0,11,10.8,22,Yes,W ,25,17,38
23-11-2019,DET,MIL,8,17,0.471,2,5,0.4,2,2,1,0,3,3,6,1,0,3,1,20,14,5,Yes,L ,-14,26,11
25-11-2019,DET,ORL,1,11,0.091,0,4,0,0,0,,1,1,2,6,0,1,1,3,2,-1.6,6,Yes,W ,15,20,0
27-11-2019,DET,CHO,6,15,0.4,1,4,0.25,0,0,,1,0,1,8,0,0,1,1,13,9.8,4,Yes,L ,-1,25,15
29-11-2019,DET,CHO,8,12,0.667,3,4,0.75,4,6,0.667,0,2,2,4,0,0,1,1,23,19,-3,Yes,L ,-3,21,52
01-12-2019,DET,SAS,3,8,0.375,1,3,0.333,3,3,1,0,0,0,10,2,1,3,0,10,12.3,16,Yes,W ,34,18,53
03-12-2019,DET,CLE,6,12,0.5,0,2,0,0,1,0,0,2,2,9,0,0,0,2,12,11.7,23,Yes,W ,33,21,45
04-12-2019,DET,MIL,6,15,0.4,0,3,0,2,2,1,0,2,2,5,1,0,1,0,14,10,-8,Yes,L ,-24,25,19
06-12-2019,DET,IND,7,17,0.412,0,1,0,0,0,,2,4,6,5,1,0,2,0,14,10,-3,Yes,W ,7,25,43
09-12-2019,DET,NOP,9,17,0.529,1,3,0.333,2,2,1,1,1,2,7,0,0,2,1,21,16.2,2,Yes,W ,2,28,22
12-12-2019,DET,DAL,7,16,0.438,5,10,0.5,0,0,,0,0,0,4,2,0,3,0,19,12.4,-17,Yes,L ,-11,25,46
14-12-2019,DET,HOU,10,21,0.476,0,4,0,0,0,,2,2,4,12,0,0,2,2,20,16.9,-6,Yes,W ,8,26,57
16-12-2019,DET,WAS,8,17,0.471,2,5,0.4,4,4,1,2,4,6,8,1,0,3,1,22,19.1,-13,Yes,L ,-14,28,33
18-12-2019,DET,TOR,8,17,0.471,0,4,0,0,1,0,0,4,4,5,0,1,1,0,16,11.3,-9,Yes,L ,-13,28,22
20-12-2019,DET,BOS,6,12,0.5,0,1,0,2,2,1,0,0,0,4,0,0,3,0,14,7.8,-26,Yes,L ,-21,23,34
23-12-2019,DET,PHI,7,14,0.5,0,4,0,2,2,1,0,3,3,7,2,1,2,0,16,15.5,-3,Yes,L ,-16,25,17
26-12-2019,DET,WAS,6,11,0.545,3,6,0.5,0,0,,2,0,2,6,1,0,2,1,15,13.9,9,Yes,W ,30,21,5
28-12-2019,DET,SAS,10,17,0.588,2,4,0.5,2,2,1,0,3,3,4,4,0,4,0,24,19.8,-11,Yes,L ,-27,27,19
30-12-2019,DET,UTA,8,17,0.471,1,2,0.5,3,6,0.5,0,0,0,4,1,1,2,1,20,12.2,1,Yes,L ,-23,26,16
02-01-2020,DET,LAC,5,15,0.333,0,2,0,4,4,1,0,2,2,6,0,0,1,1,14,8.9,-6,Yes,L ,-14,27,0
04-01-2020,DET,GSW,10,16,0.625,1,4,0.25,1,1,1,0,2,2,2,1,0,4,1,22,13.4,4,Yes,W ,7,28,13
05-01-2020,DET,LAL,8,19,0.421,2,3,0.667,10,10,1,1,2,3,5,1,1,2,3,28,21.2,-3,Yes,L ,-7,28,53
07-01-2020,DET,CLE,9,21,0.429,2,5,0.4,4,4,1,0,3,3,7,1,0,4,2,24,14.9,5,Yes,W ,2,30,32
09-01-2020,DET,CLE,13,24,0.542,0,2,0,1,1,1,4,3,7,5,0,0,6,3,27,15.4,1,Yes,L ,-3,35,42
11-01-2020,DET,CHI,7,11,0.636,2,3,0.667,4,4,1,0,2,2,7,0,0,4,1,20,16.2,-1,Yes,L ,-9,29,0
13-01-2020,DET,NOP,10,23,0.435,0,3,0,3,4,0.75,0,4,4,8,0,1,3,1,23,14.6,2,Yes,L ,-7,36,31
15-01-2020,DET,BOS,11,13,0.846,0,2,0,0,0,,0,2,2,6,0,1,3,0,22,19.8,12,Yes,W ,13,28,44
18-01-2020,DET,ATL,12,17,0.706,1,3,0.333,2,2,1,0,2,2,9,1,0,1,1,27,26.4,24,Yes,W ,33,26,19
20-01-2020,DET,WAS,8,21,0.381,1,5,0.2,4,6,0.667,0,4,4,2,2,0,2,1,21,10.9,-6,Yes,L ,-6,34,17
22-01-2020,DET,SAC,8,17,0.471,0,1,0,6,7,0.857,0,6,6,11,0,0,1,4,22,19.8,0,Yes,W ,21,30,7
24-01-2020,DET,MEM,10,21,0.476,0,2,0,2,3,0.667,2,1,3,8,1,0,3,1,22,15.8,-18,Yes,L ,-13,33,10
25-01-2020,DET,BRK,10,22,0.455,2,4,0.5,5,5,1,1,3,4,6,2,0,1,1,27,22,-10,Yes,L ,-10,36,59
29-01-2020,DET,BRK,9,15,0.6,1,2,0.5,3,3,1,0,6,6,5,0,0,2,0,22,18.4,-10,Yes,L ,-10,30,47
31-01-2020,DET,TOR,9,16,0.563,2,5,0.4,1,1,1,0,0,0,3,0,0,1,0,21,14.5,-12,Yes,L ,-13,29,50
02-02-2020,DET,DEN,1,3,0.333,0,1,0,0,2,0,1,0,1,2,0,0,1,0,2,0.6,-4,Yes,W ,5,12,52
12-02-2020,DET,ORL,1,13,0.077,0,4,0,0,0,,0,0,0,4,1,1,3,0,2,-5.2,-16,Yes,L ,-4,17,2
20-02-2020,DET,MIL,6,15,0.4,0,3,0,0,0,,0,0,0,4,0,1,2,0,12,5.4,-12,Yes,L ,-20,23,7
23-02-2020,DET,POR,6,16,0.375,1,4,0.25,2,2,1,0,2,2,3,0,0,5,0,15,3.9,-19,Yes,L ,-3,27,40
25-02-2020,DET,DEN,6,14,0.429,1,3,0.333,7,7,1,1,1,2,5,2,0,4,2,20,14.3,-12,Yes,L ,-17,27,1
28-02-2020,DET,PHO,15,24,0.625,1,2,0.5,0,0,,2,1,3,4,2,1,3,0,31,24.4,-6,Yes,W ,2,30,8
01-03-2020,DET,SAC,3,5,0.6,1,1,1,2,2,1,0,3,3,2,0,0,1,1,9,7.6,11,Yes,L ,-6,9,23
23-12-2020,DET,MIN,7,13,0.538,1,3,0.333,0,2,0,0,1,1,6,2,1,1,1,15,13.7,-7,Yes,L ,-10,26,48
26-12-2020,DET,CLE,4,15,0.267,1,2,0.5,4,6,0.667,1,3,4,4,0,0,6,1,13,1.3,-3,Yes,L ,-9,33,7
29-12-2020,DET,GSW,6,18,0.333,1,4,0.25,2,2,1,1,1,2,7,2,0,2,4,15,9.1,8,Yes,L ,-10,26,26
01-01-2021,DET,BOS,7,12,0.583,0,3,0,3,4,0.75,0,5,5,4,2,0,4,2,17,12.5,4,Yes,W ,3,24,11
03-01-2021,DET,BOS,4,12,0.333,1,3,0.333,4,4,1,1,0,1,8,0,1,4,0,13,9.2,6,Yes,L ,-2,23,29
04-01-2021,DET,MIL,9,18,0.5,2,4,0.5,4,4,1,0,2,2,8,1,0,0,1,24,21.8,4,Yes,L ,-10,24,38
06-01-2021,DET,MIL,3,7,0.429,0,1,0,4,4,1,0,1,1,1,0,0,0,1,10,6.9,-6,Yes,L ,-15,11,3
08-01-2021,DET,PHO,1,7,0.143,0,1,0,2,2,1,0,0,0,5,1,1,2,1,4,2.3,-13,Yes,W ,5,19,25
16-01-2021,DET,MIA,8,12,0.667,3,5,0.6,4,5,0.8,0,1,1,4,4,0,1,2,23,22.7,2,Yes,W ,20,21,18
18-01-2021,DET,MIA,6,11,0.545,1,4,0.25,8,9,0.889,0,3,3,4,2,0,3,1,21,17.6,-6,Yes,L ,-6,26,34
20-01-2021,DET,ATL,7,15,0.467,0,1,0,0,0,,0,1,1,1,1,1,1,2,14,7.2,-14,Yes,L ,-8,28,30
22-01-2021,DET,HOU,3,11,0.273,1,2,0.5,2,2,1,1,4,5,3,0,0,1,1,9,5.1,-11,Yes,L ,-1,19,33
27-01-2021,DET,CLE,5,10,0.5,2,3,0.667,1,2,0.5,0,0,0,3,0,0,2,0,13,7.7,-28,Yes,L ,-15,19,7
28-01-2021,DET,LAL,6,12,0.5,0,2,0,2,2,1,0,1,1,3,2,0,2,0,14,10.4,-6,Yes,W ,15,20,21
30-01-2021,DET,GSW,3,11,0.273,0,1,0,2,2,1,2,0,2,2,1,0,0,0,8,5.3,-1,Yes,L ,-27,17,3
09-02-2021,NYK,MIA,5,9,0.556,2,3,0.667,2,2,1,0,1,1,3,1,1,2,0,14,11.8,6,Yes,L ,-2,20,20
12-02-2021,NYK,WAS,7,11,0.636,0,1,0,0,0,,0,3,3,6,4,0,2,0,14,16.2,18,Yes,W ,18,19,58
13-02-2021,NYK,HOU,5,11,0.455,1,3,0.333,5,7,0.714,0,1,1,3,0,0,1,0,16,10.9,18,Yes,W ,22,22,32
15-02-2021,NYK,ATL,3,9,0.333,0,1,0,2,2,1,0,3,3,3,0,2,2,4,8,3.7,8,Yes,W ,11,23,37
17-02-2021,NYK,ORL,1,10,0.1,0,1,0,2,2,1,1,5,6,2,0,0,1,0,4,0,-15,Yes,L ,-18,16,33
21-02-2021,NYK,MIN,1,8,0.125,0,1,0,2,2,1,0,1,1,2,1,0,1,1,4,0.1,-12,Yes,W ,4,18,44
23-02-2021,NYK,GSW,6,15,0.4,2,4,0.5,2,2,1,0,4,4,8,1,1,1,1,16,15,12,Yes,L ,-8,27,10
25-02-2021,NYK,SAC,7,11,0.636,2,2,1,2,2,1,0,3,3,6,0,0,3,2,18,14.4,4,Yes,W ,19,27,35
27-02-2021,NYK,IND,6,11,0.545,1,3,0.333,4,4,1,0,1,1,11,4,0,4,2,17,18.9,11,Yes,W ,3,37,42
28-02-2021,NYK,DET,6,14,0.429,2,3,0.667,0,1,0,0,3,3,5,0,2,2,2,14,9.2,17,Yes,W ,19,32,9
27-03-2021,NYK,MIL,6,15,0.4,1,5,0.2,0,0,,0,1,1,1,2,1,1,1,13,7.2,7,Yes,W ,6,29,6
29-03-2021,NYK,MIA,6,13,0.462,3,5,0.6,1,2,0.5,0,2,2,2,0,1,1,1,16,10.2,-2,Yes,L ,-10,26,19
02-04-2021,NYK,DAL,1,10,0.1,0,2,0,0,0,,3,2,5,4,0,0,0,0,2,0.9,3,Yes,L ,-13,25,24
03-04-2021,NYK,DET,3,6,0.5,0,3,0,1,2,0.5,0,2,2,2,2,0,0,0,7,7.6,18,Yes,W ,44,20,34
05-04-2021,NYK,BRK,6,14,0.429,2,4,0.5,2,3,0.667,0,1,1,3,1,0,0,1,16,11.2,-8,Yes,L ,-2,25,25
07-04-2021,NYK,BOS,4,10,0.4,1,1,1,2,2,1,0,0,0,3,0,0,0,0,11,7.7,6,Yes,L ,-2,26,33
09-04-2021,NYK,MEM,8,17,0.471,0,4,0,3,3,1,2,2,4,3,1,2,2,1,19,14.4,2,Yes,W ,4,26,17
11-04-2021,NYK,TOR,4,10,0.4,0,1,0,3,3,1,0,1,1,2,0,0,3,2,11,3.5,-7,Yes,W ,6,23,17
12-04-2021,NYK,LAL,5,9,0.556,0,0,,4,4,1,1,2,3,2,0,1,1,1,14,11.7,-10,Yes,W ,15,19,50
14-04-2021,NYK,NOP,5,14,0.357,1,4,0.25,0,0,,1,3,4,4,2,1,0,0,11,10.3,14,Yes,W ,10,28,4
16-04-2021,NYK,DAL,7,13,0.538,1,2,0.5,0,0,,0,1,1,5,1,0,0,1,15,13.1,14,Yes,W ,8,24,45
18-04-2021,NYK,NOP,9,17,0.529,2,4,0.5,3,4,0.75,0,3,3,5,1,1,2,1,23,18,22,Yes,W ,10,35,13
20-04-2021,NYK,CHO,8,12,0.667,1,4,0.25,0,0,,0,1,1,5,0,0,0,1,17,15.2,2,Yes,W ,12,25,15
21-04-2021,NYK,ATL,8,12,0.667,1,1,1,3,4,0.75,0,4,4,3,1,0,2,6,20,14.3,14,Yes,W ,10,30,17
24-04-2021,NYK,TOR,7,10,0.7,0,1,0,5,6,0.833,0,4,4,7,2,0,1,2,19,20.7,26,Yes,W ,17,33,16
26-04-2021,NYK,PHO,10,18,0.556,0,1,0,2,2,1,1,5,6,6,0,0,2,2,22,17,-14,Yes,L ,-8,33,13
28-04-2021,NYK,CHI,2,11,0.182,0,1,0,2,2,1,0,1,1,6,1,1,0,0,6,5.3,4,Yes,W ,19,25,0
02-05-2021,NYK,HOU,8,11,0.727,4,5,0.8,4,4,1,1,5,6,4,1,0,1,0,24,24.5,35,Yes,W ,25,31,1
03-05-2021,NYK,MEM,11,15,0.733,3,5,0.6,0,0,,0,2,2,2,1,0,1,1,25,20.5,16,Yes,W ,14,26,37
05-05-2021,NYK,DEN,6,10,0.6,2,3,0.667,0,0,,0,2,2,3,0,0,2,2,14,9.3,-10,Yes,L ,-16,26,48
07-05-2021,NYK,PHO,7,14,0.5,1,3,0.333,2,2,1,0,4,4,6,0,0,1,1,17,14,0,Yes,L ,-23,29,6
09-05-2021,NYK,LAC,11,17,0.647,2,3,0.667,1,1,1,0,6,6,8,1,0,4,1,25,21.5,7,Yes,W ,6,32,26
11-05-2021,NYK,LAL,10,22,0.455,1,4,0.25,6,6,1,1,5,6,6,3,1,3,0,27,22.7,6,Yes,L ,-2,38,50
15-05-2021,NYK,CHO,6,9,0.667,1,2,0.5,2,2,1,1,0,1,3,0,0,2,1,15,11.5,-8,Yes,W ,9,25,4
16-05-2021,NYK,BOS,3,9,0.333,0,0,,1,1,1,2,3,5,2,0,0,1,1,7,4.2,0,Yes,W ,4,23,19
20-10-2021,NYK,BOS,3,11,0.273,1,3,0.333,2,2,1,0,4,4,5,2,1,2,0,9,7.9,7,Yes,W ,4,22,28
22-10-2021,NYK,ORL,4,8,0.5,4,6,0.667,0,0,,0,0,0,7,0,0,0,1,12,12.5,34,Yes,W ,25,23,34
24-10-2021,NYK,ORL,9,16,0.563,5,8,0.625,0,1,0,3,2,5,3,2,0,2,0,23,19.8,8,Yes,L ,-6,28,38
26-10-2021,NYK,PHI,4,7,0.571,1,2,0.5,4,4,1,2,1,3,1,1,1,2,1,13,11.4,10,Yes,W ,13,19,50
28-10-2021,NYK,CHI,5,10,0.5,1,3,0.333,1,1,1,0,4,4,1,0,0,2,1,12,6.5,1,Yes,W ,1,18,35
30-10-2021,NYK,NOP,2,6,0.333,1,2,0.5,0,0,,0,1,1,1,0,0,1,0,5,1.6,-1,Yes,W ,6,15,25
01-11-2021,NYK,TOR,2,8,0.25,0,2,0,0,0,,0,1,1,1,1,0,2,1,4,-1.2,7,Yes,L ,-9,19,36
03-11-2021,NYK,IND,5,11,0.455,0,1,0,3,3,1,1,1,2,3,1,1,2,1,13,9.7,-2,Yes,L ,-13,19,47
05-11-2021,NYK,MIL,10,18,0.556,2,6,0.333,1,1,1,2,6,8,4,2,0,0,0,23,22.4,31,Yes,W ,15,30,25
07-11-2021,NYK,CLE,8,14,0.571,1,2,0.5,0,0,,0,1,1,5,1,0,0,0,17,15.2,-20,Yes,L ,-17,28,58
08-11-2021,NYK,PHI,2,8,0.25,0,2,0,2,2,1,1,3,4,2,1,0,3,0,6,2.2,10,Yes,W ,7,20,44
10-11-2021,NYK,MIL,8,15,0.533,6,8,0.75,0,0,,1,2,3,7,3,1,0,0,22,24.6,10,Yes,L ,-12,29,47
12-11-2021,NYK,CHO,3,6,0.5,1,3,0.333,1,1,1,0,1,1,2,0,0,1,0,8,5.7,15,Yes,L ,-8,17,24
15-11-2021,NYK,IND,7,14,0.5,0,4,0,0,0,,1,4,5,7,0,0,1,0,14,12.8,21,Yes,W ,8,24,33
17-11-2021,NYK,ORL,4,9,0.444,2,6,0.333,0,0,,0,2,2,1,1,2,5,0,10,4,-11,Yes,L ,-6,19,1
20-11-2021,NYK,HOU,2,8,0.25,0,2,0,0,0,,0,1,1,4,1,2,1,1,4,3.3,-5,Yes,W ,7,20,56
21-11-2021,NYK,CHI,3,11,0.273,1,2,0.5,2,2,1,1,1,2,3,1,3,0,4,9,7.1,-2,Yes,L ,-6,30,2
30-11-2021,NYK,BRK,6,13,0.462,2,6,0.333,2,2,1,1,4,5,9,0,0,0,3,16,16.3,11,Yes,L ,-2,34,41
02-12-2021,NYK,CHI,4,6,0.667,0,1,0,8,8,1,0,2,2,6,0,1,3,0,16,15.9,-14,Yes,L ,-4,26,19
04-12-2021,NYK,DEN,5,10,0.5,1,5,0.2,0,0,,2,2,4,4,0,0,4,0,11,6.8,-2,Yes,L ,-14,23,50
07-12-2021,NYK,SAS,4,11,0.364,2,2,1,2,2,1,1,1,2,2,1,0,1,0,12,8.3,8,Yes,W ,12,21,40
08-12-2021,NYK,IND,4,10,0.4,0,2,0,0,0,,2,3,5,7,0,0,0,0,8,9.8,-9,Yes,L ,-20,23,37
10-12-2021,NYK,TOR,5,13,0.385,1,3,0.333,0,0,,2,4,6,4,0,0,3,0,11,6.3,8,Yes,L ,-3,33,1
12-12-2021,NYK,MIL,8,16,0.5,2,6,0.333,0,0,,0,2,2,7,3,0,2,0,18,16.5,-7,Yes,L ,-15,36,31
14-12-2021,NYK,GSW,5,13,0.385,3,4,0.75,2,2,1,0,4,4,6,1,0,2,2,15,11.5,-10,Yes,L ,-9,34,17
16-12-2021,NYK,HOU,0,2,0,0,1,0,0,0,,1,0,1,1,0,0,0,0,0,0,-6,Yes,W ,13,12,11
